Isolate,Accession_VP4,Accession_VP7,Host,Collection_Date_VP4,Collection_Date_VP7
RVA/Pig-wt/BEL/12R005/2012/G4P[7],AIY56473,AIG92667,Suidae,2012,2012
RVA/Pig-wt/BEL/12R005/2012/G4P[7],AIY56473,AIY56487,Suidae,2012,2012
05V0500F6,QIN53351,QIN53356,Phasianidae,2005,2005
RVA/Human-wt/CHN/JL18221009/2018/G1P[8],WKR37774,WKR37782,Hominidae,2018-01-02,2018-01-02
RVA/Human-wt/PAK/HF66/2010/G9P8,AUT30226,AUT30242,Hominidae,2010,2010
RVA/Human-wt/KEN/KLF0584/2012/G8P[4],QXY09213,QXY09215,Hominidae,2012-07-10,2012-07-10
SOGA25,QWQ58752,QWT50637,Hominidae,2017,2017
RVC/Human-wt/IND/NIV22208/Solapur2011/G4P2,QAR18083,QAR18089,Hominidae,2011,2011
RVA/Human-wt/KEN/KLF0547/2012/G8P[4],QXY08890,QXY08892,Hominidae,2012-02-10,2012-02-10
RVC/Pig-wt/USA/RV0104/2011/G3P[18],QJW71473,QHU78957,Suidae,2011-07-22,2011-07-22
ZP18-77,BFO01492,BFO01494,Suidae,2018-06-14,2018-06-14
RVC/Pig-wt/ZAF/UFS-BOC009/2018/G6P5,WZL09317,WZL09316,Suidae,2018,2018
RVA/Human-wt/KEN/KLF0580/2012/G2P[4],QXY09192,QXY09194,Hominidae,2012-06-27,2012-06-27
RVC/Human-wt/IND/NIV1418974/Miraj2014/G4P2,QAR18084,QAR18090,Hominidae,2014,2014
RotaA/D62/2013,AIW53340,AIW53342,Phasianidae,2013-06,2013-06
RVC/Pig-wt/USA/OK.5.68/2008,AYA93319,AYA93324,Suidae,2008-01-02,2008-01-02
RVC/Pig-wt/USA/RV0143/2011,AGG16184,AGG16183,Suidae,2011-12,2011-12
ZP18-77,BFO01491,BFO01494,Suidae,2018-06-14,2018-06-14
2079/2017,QIG55628,QIG55630,Hominidae,2017,2017
RVC/CH/JS02/2018/G6P6,WFG70591,WFG70593,Suidae,2018-08-29,2018-08-29
RVA/Human-wt/KEN/KLF0564/2012/G1P[8],QXY09057,QXY09059,Hominidae,2012-05-11,2012-05-11
RVA/Human-wt/KEN/KLF1041/2013/G1P[8],QXY12205,QXY12207,Hominidae,2013-06-23,2013-06-23
RVC/Human-wt/IND/NIV8831/Solapur2010/G4P2,QAR18082,QAR18088,Hominidae,2010,2010
UFS-NGS-MRC-DPRU1042,QMW49380,QMW49379,Hominidae,2008,2008
IAL-R86,XAV28503,XAV28475,Hominidae,2011,2011
RVA/Human-wt/KEN/KLF1043/2013/G1P[8],QXY12227,QXY12229,Hominidae,2013-07-12,2013-07-12
RVC/Human-wt/RUS/Novosibirsk/NS16-A97/2016/G4P[2],ATD10722,ATD10721,Hominidae,2016-02-20,2016-02-20
CAU13-1-77,ALV82544,ALV82549,Hominidae,2013,2013
CAU14-1-246,ALV82552,ALV82553,Hominidae,2014,2014
CAU14-1-242,ALS31043,ALS31048,Hominidae,2014-03,2014-03
PR2593/2004,ALQ10711,ALQ10710,Hominidae,2004,2004
PR713/2012,ALQ10722,ALQ10721,Hominidae,2012,2012
RVC/Human-wt/RUS/Omsk08-437/2008,AKR13844,AKR13843,Hominidae,2008-04-23,2008-04-23
RVC/Human-wt/RUS/Novosibirsk/Nsk09-B11/2009,AKR13848,AKR13847,Hominidae,2009-02-21,2009-02-21
RVC/Human-wt/RUS/Novosibirsk/Nsk08-3414/2008,AGO58063,AFD97423,Hominidae,2008-05,2008-05
RVC/Human-wt/RUS/Omsk08-386/2008,AFC88083,AFC88086,Hominidae,2008-04,2008-04
RVC/Human-wt/RUS/Omsk08-436/2008,AFC88084,AFC88087,Hominidae,2008-05,2008-05
RVC/Human-wt/RUS/Novosibirsk/Nsk09-B43/2009,AFC88085,AFC88088,Hominidae,2009-03,2009-03
RVA/Human-wt/KEN/KLF0615/2012/G8P[4],QXY09465,QXY09467,Hominidae,2012-08-09,2012-08-09
RVA/Human-wt/KEN/KLF0629/2012/G2P[4],QXY09572,QXY09574,Hominidae,2012-10-21,2012-10-21
RVA/Human-wt/KEN/KLF0562/2012/G1P[8],QXY09038,QXY09040,Hominidae,2012-04-26,2012-04-26
RVA/Human-wt/THA/B5662/2018/G3P[10],UWV21375,UWV21377,Hominidae,2018-05-03,2018-05-03
RVA/Human-wt/KEN/KLF0651/2013/G1P[8],QXY09803,QXY09805,Hominidae,2013-06-08,2013-06-08
RVA/Human-wt/KEN/KLF0654/2013/G1P[8],QXY09836,QXY09838,Hominidae,2013-06-09,2013-06-09
RVA/Human-wt/KEN/KLF0687/2013/G1P[8],QXY10130,QXY10132,Hominidae,2013-09-25,2013-09-25
RVA/Human-wt/KEN/KLF0696/2014/G1P[8],QXY10196,QXY10198,Hominidae,2014-02-22,2014-02-22
RVA/Human-wt/KEN/KLF1042/2013/G1P[8],QXY12216,QXY12218,Hominidae,2013-07-05,2013-07-05
RVA/Human-wt/KEN/KLF0551/2012/G2P[4],QXY08941,QXY08943,Hominidae,2012-03-02,2012-03-02
RVA/Human-wt/KEN/KLF0703/2014/G1P[8],QXY10251,QXY10253,Hominidae,2014-04-08,2014-04-08
RVA/Human-wt/KEN/KLF0667/2013/G9P[8],QXY09966,QXY09968,Hominidae,2013-07-16,2013-07-16
RVA/Human-wt/KEN/KLF0698/2014/G1P[8],QXY10218,QXY10220,Hominidae,2014-03-18,2014-03-18
RVA/Human-wt/CHN/SC18511002/2018/G1P[8],WKR37775,WKR37783,Hominidae,2018-01-02,2018-01-02
RVA/Human-wt/CHN/SC18511045/2018/G1P[8],WKR37776,WKR37784,Hominidae,2018-01-02,2018-01-02
RVA/Human-wt/CHN/SC18511004/2018/G1P[8],WKR37777,WKR37785,Hominidae,2018-01-08,2018-01-08
RVA/pig-wt/CHE/S18-1463/2018/G9P[32],URW63815,URW63817,Suidae,2018,2018
RVA/pig-wt/CHE/S18-1097/2018/G5G3P[6]P[7]P[13]P[32],URW63828,URW63833,Suidae,2018,2018
RVA/pig-wt/CHE/S18-1097/2018/G5G3P[6]P[7]P[13]P[32],URW63828,URW63834,Suidae,2018,2018
RVA/Human-wt/KEN/KLF0673/2013/G2P[4],QXY10010,QXY10012,Hominidae,2013-08-10,2013-08-10
RVA/Pig-wt/BEL/12R041/2012/G9P[13],AIY56474,AIY56490,Suidae,2012,2012
RVA/Human-wt/KEN/KLF0675/2013/G1P[8],QXY10032,QXY10034,Hominidae,2013-08-16,2013-08-16
04V0027G6,QIN53340,QIN53345,Phasianidae,2005,2005
RVA/Human-wt/KEN/KLF0607/2012/G2P[4],QXY09394,QXY09396,Hominidae,2012-07-31,2012-07-31
RVA/Human-wt/KEN/KLF0610/2012/G2P[4],QXY09416,QXY09418,Hominidae,2012-08-03,2012-08-03
RVA/Human-wt/KEN/KLF0656/2013/G1P[8],QXY09858,QXY09860,Hominidae,2013-06-17,2013-06-17
RVA/pig-wt/CHE/S18-1093/2018/G5G9G11P[6]P[7]P[13],URW63869,URW63876,Suidae,2018,2018
RVA/pig-wt/CHE/S18-1093/2018/G5G9G11P[6]P[7]P[13],URW63869,URW63875,Suidae,2018,2018
RVA/pig-wt/CHE/S18-1093/2018/G5G9G11P[6]P[7]P[13],URW63869,URW63877,Suidae,2018,2018
RVA/Human-wt/KEN/KLF0558/2012/G2P[4],QXY08995,QXY08997,Hominidae,2012-03-24,2012-03-24
RVA/Human-wt/RUS/Novosibirsk/NS16-A415/2016/G2P[4],QKX94529,QKX94528,Hominidae,2016-07-01,2016-07-01
RVA/Human-wt/KEN/KLF0636/2013/G1P[8],QXY09638,QXY09640,Hominidae,2013-05-04,2013-05-04
RVA/Human-wt/KEN/KLF1045/2013/G1P[8],QXY12249,QXY12251,Hominidae,2013-12-19,2013-12-19
RVA/Pig-wt/BEL/12R046/2012/G9P[23],AIY56476,AIY56491,Suidae,2012,2012
RVA/Human-wt/KEN/KLF0582/2012/,WCB27521,WCB27523,Hominidae,2012-07-04,2012-07-04
RVA/Human-wt/KEN/KLF0540/2012/G1P[8],QXY08827,QXY08829,Hominidae,2012-01-04,2012-01-04
RVA/Human-wt/KEN/KLF0553/2012/G2P[4],QXY08952,QXY08954,Hominidae,2012-03-03,2012-03-03
RVA/Human-wt/KEN/KLF0579/2012/G8P[4],QXY09181,QXY09183,Hominidae,2012-06-27,2012-06-27
RVA/Human-wt/KEN/KLF0630/2013/G2P[4],QXY09583,QXY09585,Hominidae,2013-01-15,2013-01-15
RVA/Human-wt/KEN/KLF1037/2012/G1P[8],QXY12161,QXY12163,Hominidae,2012-01-07,2012-01-07
RotaD/D62/2013,AIW53353,AIW53355,Phasianidae,2013-06,2013-06
fe08,WFQ89634,WFQ89633,Hominidae,2018,2018
RVA/Human-wt/KEN/KLF0560/2012/G1P[8],QXY09017,QXY09019,Hominidae,2012-04-13,2012-04-13
RVA/Human-wt/KEN/KLF0665/2013/G1P[8],QXY09945,QXY09947,Hominidae,2013-07-02,2013-07-02
RVA/Human-wt/KEN/KLF0723/2014/G1P[8],QXY10361,QXY10363,Hominidae,2014-06-17,2014-06-17
PAK41,QOY44546,QOY44540,Hominidae,2015-01-25,2015-01-25
PAK65,QOY44547,QOY44541,Hominidae,2015-02-21,2015-02-21
PAK77,QOY44548,QOY44542,Hominidae,2015-02-25,2015-02-25
NT0578,BAT22771,BAT22770,Hominidae,2008,2008
Arg6627,AFF18464,AFF18470,Hominidae,2008,2008
RVA/Human-wt/KEN/KLF0706/2014/G1P[8],QXY10273,QXY10275,Hominidae,2014-04-16,2014-04-16
RVA/Human-wt/GTM/2009726790/2009/G8P[14],AJM71338,AJM71343,Hominidae,2009,2009
Arg6653,AFF18465,AFF18471,Hominidae,2008,2008
3000642073,UQJ69451,UQJ69450,Hominidae,2016,2016
PL-2500,AFU50370,AFU50371,Hominidae,2006-11,2006-11
Arg7500,AFF18466,AFF18472,Hominidae,2009,2009
RVA/Human-wt/KEN/KLF0617/2012/G8P[4],QXY09487,QXY09489,Hominidae,2012-08-09,2012-08-09
RVA/Human-wt/KEN/KLF0547/2012/G1P[8],QXY08879,QXY08881,Hominidae,2012-02-10,2012-02-10
RVA/Human-wt/KEN/KLF0608/2012/G2P[4],QXY09405,QXY09407,Hominidae,2012-08-02,2012-08-02
RVA/Human-wt/KEN/KLF0721/2014/G1P[8],QXY10339,QXY10341,Hominidae,2014-06-15,2014-06-15
PAK88,QOY44549,QOY44543,Hominidae,2015-04-03,2015-04-03
PAK540,QOY44550,QOY44544,Hominidae,2016-06-22,2016-06-22
PAK601,QOY44551,QOY44545,Hominidae,2016-09-28,2016-09-28
RVA/Human-wt/KEN/KLF0570/2012/,WCB27499,WCB27501,Hominidae,2012-06-13,2012-06-13
RVA/Human-wt/KEN/KLF0578/2012/,WCB27510,WCB27512,Hominidae,2012-06-27,2012-06-27
RVA/Human-wt/KEN/KLF0317/2010/G8P[4],QXY08794,QXY08796,Hominidae,2010-07-28,2010-07-28
RVA/Human-wt/KEN/KLF0542/2012/G1P[8],QXY08846,QXY08848,Hominidae,2012-01-08,2012-01-08
RVA/Human-wt/KEN/KLF0544/2012/G1P[8],QXY08868,QXY08870,Hominidae,2012-01-16,2012-01-16
RVA/Human-wt/KEN/KLF0555/2012/G1P[8],QXY08973,QXY08975,Hominidae,2012-03-05,2012-03-05
RVA/Human-wt/KEN/KLF0559/2012/G1P[8],QXY09006,QXY09008,Hominidae,2012-03-29,2012-03-29
RVA/Human-wt/KEN/KLF0565/2012/G8P[4],QXY09088,QXY09090,Hominidae,2012-05-15,2012-05-15
RVA/Human-wt/KEN/KLF0566/2012/G1P[8],QXY09099,QXY09101,Hominidae,2012-06-03,2012-06-03
RVA/Human-wt/KEN/KLF0575/2012/G2P[4],QXY09163,QXY09165,Hominidae,2012-06-19,2012-06-19
RVA/Human-wt/KEN/KLF0581/2012/G8P[4],QXY09202,QXY09204,Hominidae,2012-06-27,2012-06-27
RVA/Human-wt/KEN/KLF0586/2012/G8P[4],QXY09235,QXY09237,Hominidae,2012-07-11,2012-06-11
RVA/Human-wt/KEN/KLF0595/2012/G8P[4],QXY09296,QXY09298,Hominidae,2012-07-19,2012-07-19
RVA/Human-wt/KEN/KLF0601/2012/G2P[4],QXY09351,QXY09353,Hominidae,2012-07-21,2012-07-21
RVA/Human-wt/KEN/KLF0602/2012/G2P[4],QXY09362,QXY09364,Hominidae,2012-07-24,2012-07-24
RVA/Human-wt/KEN/KLF0603/2012/G8P[4],QXY09373,QXY09375,Hominidae,2012-07-24,2012-07-24
RVA/Human-wt/KEN/KLF0614/2012/G8P[4],QXY09454,QXY09456,Hominidae,2012-08-08,2012-08-08
RVA/Human-wt/KEN/KLF0616/2012/G2P[4],QXY09476,QXY09478,Hominidae,2012-08-09,2012-08-09
RVA/Human-wt/KEN/KLF0618/2012/G8P[4],QXY09498,QXY09500,Hominidae,2012-08-10,2012-08-10
RVA/Human-wt/KEN/KLF0623/2012/G2P[4],QXY09529,QXY09531,Hominidae,2012-08-22,2012-08-22
RVA/Human-wt/KEN/KLF0628/2012/G8P[4],QXY09561,QXY09563,Hominidae,2012-09-18,2012-09-18
RVA/Human-wt/KEN/KLF0633/2013/G1P[8],QXY09605,QXY09607,Hominidae,2013-04-13,2013-04-13
RVA/Human-wt/KEN/KLF0641/2013/G1P[8],QXY09693,QXY09695,Hominidae,2013-05-22,2013-05-22
RVA/Human-wt/KEN/KLF0645/2013/G1P[8],QXY09737,QXY09739,Hominidae,2013-05-30,2013-05-30
RVA/Human-wt/KEN/KLF0652/2013/G1P[8],QXY09814,QXY09816,Hominidae,2013-06-08,2013-06-08
RVA/Human-wt/KEN/KLF0653/2013/G1P[8],QXY09825,QXY09827,Hominidae,2013-06-08,2013-06-08
RVA/Human-wt/KEN/KLF0657/2013/G2P[4],QXY09869,QXY09871,Hominidae,2013-06-18,2013-06-18
RVA/Human-wt/KEN/KLF0661/2013/G1P[8],QXY09902,QXY09904,Hominidae,2013-06-21,2013-06-21
RVA/Human-wt/KEN/KLF0663/2013/G1P[8],QXY09924,QXY09926,Hominidae,2013-06-26,2013-06-26
RVA/Human-wt/KEN/KLF0684/2013/G1P[8],QXY10097,QXY10099,Hominidae,2013-09-18,2013-09-18
RVA/Human-wt/KEN/KLF0685/2013/G1P[8],QXY10108,QXY10110,Hominidae,2013-09-17,2013-09-17
RVA/Human-wt/KEN/KLF0688/2013/G1P[8],QXY10141,QXY10143,Hominidae,2013-09-28,2013-09-28
RVA/Human-wt/KEN/KLF0689/2013/G1P[8],QXY10152,QXY10154,Hominidae,2013-10-19,2013-10-19
RVA/Human-wt/KEN/KLF0697/2014/G1P[8],QXY10207,QXY10209,Hominidae,2014-03-13,2014-03-13
RVA/Human-wt/KEN/KLF0701/2014/G9P[8],QXY10240,QXY10242,Hominidae,2014-04-03,2014-04-03
RVA/Human-wt/KEN/KLF0709/2014/G1P[8],QXY10295,QXY10297,Hominidae,2014-04-23,2014-04-23
RVA/Human-wt/KEN/KLF0712/2014/G2P[4],QXY10306,QXY10308,Hominidae,2014-05-07,2014-05-07
RVA/Human-wt/KEN/KLF0720/2014/G2P[4],QXY10328,QXY10330,Hominidae,2014-06-15,2014-06-15
RVA/Human-wt/KEN/KLF0727/2014/G1P[8],QXY10394,QXY10396,Hominidae,2014-06-24,2014-06-24
RVA/Human-wt/KEN/KLF1054/2012/G8P[4],QXY12348,QXY12350,Hominidae,2012-01-02,2012-01-02
RVA/Human-wt/KEN/KLF1057/2012/G8P[4],QXY12380,QXY12382,Hominidae,2012-09-21,2012-09-21
RVA/Human-wt/KEN/KLF1059/2012/G8P[4],QXY12402,QXY12404,Hominidae,2012-03-25,2012-03-25
RVA/Human-wt/KEN/KLF1064/2012/G2P[4],QXY12432,QXY12434,Hominidae,2012-02-17,2012-02-17
BA20144,AIU97781,AIU97791,Hominidae,2011,2011
BA20142,AIU97782,AIU97790,Hominidae,2011,2011
RVA/Human-wt/KEN/KLF0662/2013/G1P[8],QXY09913,QXY09915,Hominidae,2013-06-25,2013-06-25
RVA/Human-wt/KEN/KLF0677/2013/G1P[8],QXY10042,QXY10044,Hominidae,2013-08-30,2013-08-30
RVA/Human-wt/KEN/KLF0695/2014/G1P[8],QXY10185,QXY10187,Hominidae,2014-02-21,2014-02-21
02V0002G3,QIN53329,QIN53334,Phasianidae,2002,2002
RVA/pig-wt/CHE/S18-1097/2018/G5G3P[6]P[7]P[13]P[32],URW63827,URW63833,Suidae,2018,2018
RVA/pig-wt/CHE/S18-1097/2018/G5G3P[6]P[7]P[13]P[32],URW63827,URW63834,Suidae,2018,2018
RVA/Human-wt/KEN/KLF0593/2012/G2P[4],QXY09285,QXY09287,Hominidae,2012-07-18,2012-07-18
RVA/Human-wt/KEN/KLF0669/2013/G1P[8],QXY09977,QXY09979,Hominidae,2013-07-19,2013-07-19
06V0661G1,QIN53362,QIN53367,Phasianidae,2006,2006
Hu-wt/ITA/RG180/13/2013/G12P8,ANJ45266,ANJ45320,Hominidae,2014,2014
Nov10-N383,ADV52475,AEE69110,Hominidae,2010-05,2010-05
Ch-02V0002G3,ACC91708,ACC91694,Phasianidae,2002,2002
Ch-03V0158G3,ACC91711,ACC91697,Phasianidae,2003,2003
Ch-03V0358F3,ACC91712,ACC91698,Phasianidae,2003,2003
Ch-04V0027G6,ACC91713,ACC91699,Phasianidae,2004,2004
Ch-06V0661,ACC91714,ACC91700,Phasianidae,2006,2006
3000733981,WDU50293,WDU50292,Hominidae,2017,2017
RVA/Human-wt/KEN/KLF0597/2012/G8P[4],QXY09318,QXY09320,Hominidae,2012-07-21,2012-07-21
RVA/Human-wt/KEN/KLF0598/2012/G8P[4],QXY09329,QXY09331,Hominidae,2012-07-20,2012-07-20
NT0001,BAX35528,BAX35527,Hominidae,2007,2007
NT0042,BAX35539,BAX35538,Hominidae,2007,2007
NT0077,BAX35550,BAX35549,Hominidae,2007,2007
NT0205,BAX35561,BAX35560,Hominidae,2007,2007
NT0599,BAX35572,BAX35571,Hominidae,2008,2008
NT0621,BAX35583,BAX35582,Hominidae,2008,2008
NT0073,BAV81524,BAV81523,Hominidae,2007,2007
NT0082,BAV81535,BAV81534,Hominidae,2007,2007
GHDC514,BAV81546,BAV81545,Hominidae,2008,2008
GHLA104,BAV81557,BAV81556,Hominidae,2008,2008
GHNAV482,BAV81568,BAV81567,Hominidae,2009,2009
GHNAV483,BAV81579,BAV81578,Hominidae,2009,2009
GHPML1989,BAV81590,BAV81589,Hominidae,2012,2012
GHDC1581,BAV81601,BAV81600,Hominidae,2013,2013
SP355,BAV81613,BAV81612,Hominidae,2013,2013
RVN1149,BAT46791,BAT46790,Hominidae,2014,2014
RVN1293,BAT46808,BAT46801,Hominidae,2014,2014
RVN1326,BAT46809,BAT46802,Hominidae,2014,2014
RVN0022,BAT46810,BAT46803,Hominidae,2015,2015
RVN0138,BAT46811,BAT46804,Hominidae,2015,2015
RVN0377,BAT46812,BAT46805,Hominidae,2015,2015
RVN0427,BAT46813,BAT46806,Hominidae,2015,2015
RVN0435,BAT46814,BAT46807,Hominidae,2015,2015
NT0494,BAT22760,BAT22759,Hominidae,2008,2008
PML1965,BAR87958,BAR87957,Hominidae,2012,2012
SRMC_NRV1182,WCG92596,WCC72434,Hominidae,2014,2014
SRMC_NRV1240,WCG92597,WCC72435,Hominidae,2015,2015
SRMC_NRV1751,WCG92598,WCC72436,Hominidae,2018,2018
SRMC_NRV1897,WCG92599,WCC72437,Hominidae,2018,2018
RVA/Human-wt/KEN/KLF0600/2012/G8P[4],QXY09340,QXY09342,Hominidae,2012-07-22,2012-07-27
RVA/Human-wt/KEN/KLF0635/2013/G1P[8],QXY09627,QXY09629,Hominidae,2013-04-30,2013-04-30
RVA/Human-wt/KEN/KLF0643/2013/G1P[8],QXY09715,QXY09717,Hominidae,2013-05-24,2013-05-24
RVA/Yak-tc/CHN/HY-1/2018/G6P[11],QDJ94340,QDJ94342,Bovidae,2017-06-19,2017-06-19
GH020,WDU50990,WDU50989,Hominidae,2015,2015
GH0244,WDU51126,WDU51125,Hominidae,2016,2016
RVN17.0016,BEG97593,BEG97592,Hominidae,2017,2017
3000680134,WDU50259,WDU50256,Hominidae,2016,2016
3000680134,WDU50259,WDU50257,Hominidae,2016,2016
3001394623,WDU50773,WDU50772,Hominidae,2018,2018
3001394624,WDU50785,WDU50784,Hominidae,2018,2018
GH019,WDU50978,WDU50977,Hominidae,2015,2015
GH030,WDU51038,WDU51037,Hominidae,2015,2015
3000818564,WVW90378,WVW90420,Hominidae,2017,2017
3000818582,WVW90381,WVW90423,Hominidae,2017,2017
3000803525,WGH12466,WGH12686,Hominidae,2017,2017
RVA/Human-wt/KEN/KLF0722/2014/G2P[4],QXY10350,QXY10352,Hominidae,2014-06-16,2014-06-16
NGR_Ref,QFU80850,QFU80853,Hominidae,2017,2017
SP026,BAV81474,BAV81473,Hominidae,2012,2012
SP071,BAV81485,BAV81484,Hominidae,2012,2012
SP015,BAV81496,BAV81495,Hominidae,2012,2012
SP108,BAV81507,BAV81506,Hominidae,2012,2012
SP110,BAV81518,BAV81517,Hominidae,2012,2012
SP118,BAV81521,BAV81520,Hominidae,2013,2013
RVA/Vaccine/USA/RIX4414/1988/G1P[8],BFN35213,BFN35215,Hominidae,1988,1988
RVA/Porcine-wt/ZAF/UFS-BOC009/2018/G5P6P13,WZL09410,WZL09395,Suidae,2018,2018
RVA/Human-wt/CHN/GS16622068/2016/G1P[8],WWQ34377,WWQ34376,Hominidae,2016,2016
RVA/Human-wt/CHN/GS16622078/2016/G1P[8],WWQ34388,WWQ34387,Hominidae,2016,2016
RVA/Human-wt/CHN/GS16622105/2016/G1P[8],WWQ34399,WWQ34398,Hominidae,2016,2016
RVA/Human-wt/CHN/GS16622118/2016/G1P[8],WWQ34410,WWQ34409,Hominidae,2016,2016
3000433433,WDU50185,WDU50184,Hominidae,2015,2015
3000503789,WDU50197,WDU50196,Hominidae,2016,2016
3000503796,WDU50209,WDU50208,Hominidae,2016,2016
3000503803,WDU50221,WDU50220,Hominidae,2016,2016
3000645809,WDU50233,WDU50232,Hominidae,2016,2016
3000645819,WDU50245,WDU50244,Hominidae,2016,2016
3000680134,WDU50258,WDU50256,Hominidae,2016,2016
3000680134,WDU50258,WDU50257,Hominidae,2016,2016
3000680164,WDU50281,WDU50280,Hominidae,2016,2016
3000733987,WDU50305,WDU50304,Hominidae,2017,2017
30001303300,WDU50317,WDU50316,Hominidae,2018,2018
30001303301,WDU50329,WDU50328,Hominidae,2018,2018
3000764577,WDU50341,WDU50340,Hominidae,2017,2017
3000765402,WDU50353,WDU50352,Hominidae,2017,2017
3000766132,WDU50365,WDU50364,Hominidae,2017,2017
3000766167,WDU50377,WDU50376,Hominidae,2017,2017
3000766182,WDU50389,WDU50388,Hominidae,2017,2017
3000766292,WDU50401,WDU50400,Hominidae,2017,2017
3000769157,WDU50413,WDU50412,Hominidae,2017,2017
3000769192,WDU50425,WDU50424,Hominidae,2017,2017
3000769202,WDU50437,WDU50436,Hominidae,2017,2017
3000769207,WDU50449,WDU50448,Hominidae,2017,2017
3000769222,WDU50461,WDU50460,Hominidae,2017,2017
3000769252,WDU50473,WDU50472,Hominidae,2017,2017
3000769392,WDU50485,WDU50484,Hominidae,2017,2017
3000770388,WDU50497,WDU50496,Hominidae,2017,2017
3000770399,WDU50509,WDU50508,Hominidae,2017,2017
3000770583,WDU50521,WDU50520,Hominidae,2017,2017
3001138905,WDU50533,WDU50532,Hominidae,2018,2018
3001139601,WDU50545,WDU50544,Hominidae,2018,2018
3001141143,WDU50557,WDU50556,Hominidae,2018,2018
3001147137,WDU50569,WDU50568,Hominidae,2018,2018
3001317993,WDU50581,WDU50580,Hominidae,2018,2018
3000381835,WDU50593,WDU50592,Hominidae,2017,2017
3000381850,WDU50605,WDU50604,Hominidae,2017,2017
3000642052,WDU50629,WDU50628,Hominidae,2015,2015
3000642068,WDU50641,WDU50640,Hominidae,2015,2015
3000908377,WDU50653,WDU50652,Hominidae,2017,2017
3000908377,WDU50653,WGH12696,Hominidae,2017,2017
3000908378,WDU50665,WDU50664,Hominidae,2017,2017
3000908378,WDU50665,WGH12697,Hominidae,2017,2017
3000908379,WDU50677,WDU50676,Hominidae,2017,2017
3000908379,WDU50677,WGH12698,Hominidae,2017,2017
3000908380,WDU50689,WDU50688,Hominidae,2017,2017
3000908380,WDU50689,WGH12699,Hominidae,2017,2017
3000908384,WDU50701,WDU50700,Hominidae,2017,2017
3000908384,WDU50701,WGH12701,Hominidae,2017,2017
3000908385,WDU50713,WDU50712,Hominidae,2017,2017
3000908385,WDU50713,WGH12702,Hominidae,2017,2017
3001033735,WDU50725,WDU50724,Hominidae,2017,2017
3001033737,WDU50737,WDU50736,Hominidae,2017,2017
3001253895,WDU50749,WDU50748,Hominidae,2017,2017
3001394545,WDU50761,WDU50760,Hominidae,2018,2018
3001394625,WDU50797,WDU50796,Hominidae,2018,2018
3001394626,WDU50809,WDU50808,Hominidae,2018,2018
3001502269,WDU50821,WDU50820,Hominidae,2018,2018
3001502270,WDU50834,WDU50832,Hominidae,2018,2018
3001502270,WDU50834,WDU50833,Hominidae,2018,2018
3001502271,WDU50846,WDU50845,Hominidae,2018,2018
3001502272,WDU50858,WDU50857,Hominidae,2018,2018
3001502274,WDU50870,WDU50869,Hominidae,2018,2018
3001502275,WDU50882,WDU50881,Hominidae,2018,2018
3001502277,WDU50894,WDU50893,Hominidae,2018,2018
3001502278,WDU50906,WDU50905,Hominidae,2018,2018
3001508620,WDU50918,WDU50917,Hominidae,2018,2018
3001508624,WDU50930,WDU50929,Hominidae,2018,2018
GH004,WDU50942,WDU50941,Hominidae,2015,2015
GH009,WDU50954,WDU50953,Hominidae,2015,2015
GH013,WDU50966,WDU50965,Hominidae,2015,2015
GH024,WDU51002,WDU51001,Hominidae,2015,2015
GH028,WDU51014,WDU51013,Hominidae,2015,2015
GH029,WDU51026,WDU51025,Hominidae,2015,2015
GH036,WDU51051,WDU51049,Hominidae,2015,2015
GH036,WDU51051,WDU51050,Hominidae,2015,2015
GH036,WDU51052,WDU51049,Hominidae,2015,2015
GH036,WDU51052,WDU51050,Hominidae,2015,2015
GH051,WDU51065,WDU51064,Hominidae,2015,2015
GH054,WDU51078,WDU51077,Hominidae,2016,2016
GH065,WDU51090,WDU51089,Hominidae,2016,2016
GH072,WDU51102,WDU51101,Hominidae,2016,2016
GH073,WDU51114,WDU51113,Hominidae,2016,2016
VE4255,WVD54147,WVD54129,Hominidae,2018,2018
VE7823,WVD54150,WVD54136,Hominidae,2017,2017
VE9947,WVD54151,WVD54142,Hominidae,2018,2018
3000818574,WVW90379,WVW90421,Hominidae,2017,2017
3000818575,WVW90380,WVW90422,Hominidae,2017,2017
3000818590,WVW90382,WVW90424,Hominidae,2017,2017
3000818680,WVW90383,WVW90425,Hominidae,2017,2017
3000818682,WVW90384,WVW90426,Hominidae,2017,2017
3000818691,WVW90385,WVW90427,Hominidae,2017,2017
3000818701,WVW90386,WVW90428,Hominidae,2017,2017
3000818707,WVW90388,WVW90430,Hominidae,2017,2017
3000819101,WVW90389,WVW90431,Hominidae,2017,2017
3000819102,WVW90390,WVW90432,Hominidae,2017,2017
3000819108,WVW90391,WVW90433,Hominidae,2017,2017
3000819116,WVW90392,WVW90434,Hominidae,2017,2017
3000819452,WVW90393,WVW90435,Hominidae,2017,2017
3000820368,WVW90395,WVW90437,Hominidae,2017,2017
RVN17.0271,BEG97604,BEG97603,Hominidae,2017,2017
RVA/Human/CHN/20160016/2016/G3P[8],WOZ29667,WOZ29701,Hominidae,2016,2016
RVA/Human/CHN/20160056/2016/G3P[8],WOZ29668,WOZ29702,Hominidae,2016,2016
RVA/Human/CHN/20170254/2017/G3P[8],WOZ29669,WOZ29703,Hominidae,2017,2017
RVA/Human/CHN/20170341/2017/G3P[8],WOZ29670,WOZ29704,Hominidae,2017,2017
RVA/Human/CHN/20170037/2017/G3P[8],WOZ29674,WOZ29708,Hominidae,2017,2017
RVA/Human/CHN/20170398/2017/G3P[8],WOZ29681,WOZ29715,Hominidae,2017,2017
RVA/Human-wt/CHN/BJ-J1/2017/G9P[8],WIF26812,WIF26813,Hominidae,2017-03-18,2017-03-18
RVA/Human-wt/CHN/BJ-F1565/2017/G9P[8],WIF26816,WIF26814,Hominidae,2017-04-06,2017-04-06
RVA/Human-wt/CHN/BJ-F1463/2016/G9P[8],WIF26827,WIF26825,Hominidae,2016-12-15,2016-12-15
RVA/Human-wt/CHN/BJ-F1435/2016/G9P[8],WIF26838,WIF26836,Hominidae,2016-11-23,2016-11-23
RVA/Human-wt/CHN/BJ-F913/2015/G9P[8],WIF26849,WIF26847,Hominidae,2015-10-29,2015-10-29
RVA/Human-wt/CHN/BJ-F495/2014/G9P[8],WIF26860,WIF26858,Hominidae,2014-12-24,2014-12-24
RVA/Human-wt/CHN/BJ-CR9205/2013/G9P[8],WIF26871,WIF26869,Hominidae,2012-05-17,2012-05-17
RVA/Human-wt/CHN/BJ-CR7927/2012/G9P[6],WIF26892,WIF26890,Hominidae,2012-02-09,2012-02-09
RVA/Human-wt/RWA/UFS-NGS-MRC-DPRU441/2012/G8P[4],WJN01077,WJN01056,Hominidae,2012,2012
RVA/Human-wt/RWA/UFS-NGS-MRC-DPRU478/2013/G8P[4],WJN01078,WJN01057,Hominidae,2013,2013
RVA/Human-wt/RWA/UFS-NGS-MRC-DPRU582/2013/G8P[4],WJN01079,WJN01058,Hominidae,2013,2013
RVA/Human-wt/RWA/UFS-NGS-MRC-DPRU589/2013/G8P[4],WJN01080,WJN01059,Hominidae,2013,2013
RVA/Human-wt/RWA/UFS-NGS-MRC-DPRU590/2013/G8P[4],WJN01081,WJN01060,Hominidae,2013,2013
RVA/Human-wt/RWA/UFS-NGS-MRC-DPRU596/2013/G8P[4],WJN01082,WJN01061,Hominidae,2013,2013
RVA/Human-wt/RWA/UFS-NGS-MRC-DPRU599/2013/G8P[4],WJN01083,WJN01062,Hominidae,2013,2013
RVA/Human-wt/RWA/UFS-NGS-MRC-DPRU602/2013/G8P[4],WJN01084,WJN01063,Hominidae,2013,2013
RVA/Human-wt/RWA/UFS-NGS-MRC-DPRU607/2013/G8P[4],WJN01085,WJN01064,Hominidae,2013,2013
RVA/Human-wt/RWA/UFS-NGS-MRC-DPRU620/2013/G8P[4],WJN01086,WJN01065,Hominidae,2013,2013
RVA/Human-wt/RWA/UFS-NGS-MRC-DPRU632/2013/G8P[4],WJN01087,WJN01066,Hominidae,2013,2013
RVA/Human-wt/RWA/UFS-NGS-MRC-DPRU637/2013/G8P[4],WJN01088,WJN01067,Hominidae,2013,2013
RVA/Human-wt/RWA/UFS-NGS-MRC-DPRU642/2013/G8P[4],WJN01089,WJN01068,Hominidae,2013,2013
RVA/Human-wt/RWA/UFS-NGS-MRC-DPRU652/2013/G8P[4],WJN01090,WJN01069,Hominidae,2013,2013
RVA/Human-wt/RWA/UFS-NGS-MRC-DPRU653/2013/G8P[4],WJN01091,WJN01070,Hominidae,2013,2013
RVA/Human-wt/RWA/UFS-NGS-MRC-DPRU656/2013/G8P[4],WJN01092,WJN01071,Hominidae,2013,2013
RVA/Human-wt/RWA/UFS-NGS-MRC-DPRU661/2013/G8P[4],WJN01093,WJN01072,Hominidae,2013,2013
RVA/Human-wt/RWA/UFS-NGS-MRC-DPRU666/2013/G8P[4],WJN01094,WJN01073,Hominidae,2013,2013
RVA/Human-wt/RWA/UFS-NGS-MRC-DPRU667/2013/G8P[4],WJN01095,WJN01074,Hominidae,2013,2013
RVA/Human-wt/RWA/UFS-NGS-MRC-DPRU737/2013/G8P[4],WJN01096,WJN01075,Hominidae,2013,2013
RVA/Human-wt/RWA/UFS-NGS-MRC-DPRU7997/2015/G8P[4],WJN01097,WJN01076,Hominidae,2015,2015
3000782785,WGH12463,WGH12683,Hominidae,2017,2017
3000782807,WGH12464,WGH12684,Hominidae,2017,2017
3000803506,WGH12465,WGH12685,Hominidae,2017,2017
3000803565,WGH12467,WGH12687,Hominidae,2017,2017
3000804049,WGH12468,WGH12688,Hominidae,2017,2017
3000804056,WGH12469,WGH12689,Hominidae,2017,2017
3000804062,WGH12470,WGH12690,Hominidae,2017,2017
3000804087,WGH12471,WGH12691,Hominidae,2017,2017
3000804093,WGH12472,WGH12692,Hominidae,2017,2017
3000804105,WGH12473,WGH12693,Hominidae,2017,2017
3000804124,WGH12474,WGH12694,Hominidae,2017,2017
3000819446,WGH12475,WGH12695,Hominidae,2017,2017
3000908377,WGH12476,WDU50652,Hominidae,2017,2017
3000908377,WGH12476,WGH12696,Hominidae,2017,2017
3000908378,WGH12477,WDU50664,Hominidae,2017,2017
3000908378,WGH12477,WGH12697,Hominidae,2017,2017
3000908379,WGH12478,WDU50676,Hominidae,2017,2017
3000908379,WGH12478,WGH12698,Hominidae,2017,2017
3000908380,WGH12479,WDU50688,Hominidae,2017,2017
3000908380,WGH12479,WGH12699,Hominidae,2017,2017
3000908381,WGH12480,WGH12700,Hominidae,2017,2017
3000908384,WGH12481,WDU50700,Hominidae,2017,2017
3000908384,WGH12481,WGH12701,Hominidae,2017,2017
3000908385,WGH12482,WDU50712,Hominidae,2017,2017
3000908385,WGH12482,WGH12702,Hominidae,2017,2017
SRMC_RV0411,WCG92604,WCC72440,Hominidae,2013,2013
SRMC_RV1218,WCG92605,WCC72441,Hominidae,2015,2015
SRMC_RV1226,WCG92606,WCC72442,Hominidae,2015,2015
SRMC_RV1347,WCG92607,WCC72443,Hominidae,2015,2015
SRMC_RV1409,WCG92608,WCC72444,Hominidae,2017,2017
RVA/Human-wt/KEN/KLF0719/2014/,WCB27532,WCB27534,Hominidae,2014-06-14,2014-06-14
RVA/Human-wt/KEN/KLF1066/2014/,WCB27543,WCB27545,Hominidae,2014-07-17,2014-07-17
Arg12461,WBW48788,WBW48790,Hominidae,2014,2014
2017001,UTQ11278,UTQ11171,Hominidae,2017-12-13,2017-12-13
2017003,UTQ11280,UTQ11172,Hominidae,2017-12-13,2017-12-13
2017004,UTQ11281,UTQ11173,Hominidae,2017-12-13,2017-12-13
2017005,UTQ11282,UTQ11174,Hominidae,2017-12-13,2017-12-13
2017013,UTQ11283,UTQ11179,Hominidae,2017-12-13,2017-12-13
2017014,UTQ11284,UTQ11180,Hominidae,2017-12-13,2017-12-13
2017017,UTQ11287,UTQ11181,Hominidae,2017-12-13,2017-12-13
2017018,UTQ11288,UTQ11182,Hominidae,2017-12-13,2017-12-13
2017025,UTQ11289,UTQ11183,Hominidae,2017-12-13,2017-12-13
2017028,UTQ11292,UTQ11184,Hominidae,2017-12-13,2017-12-13
2017031,UTQ11293,UTQ11185,Hominidae,2017-12-13,2017-12-13
2017032,UTQ11294,UTQ11186,Hominidae,2017-12-13,2017-12-13
2017033,UTQ11295,UTQ11187,Hominidae,2017-12-13,2017-12-13
2017034,UTQ11296,UTQ11188,Hominidae,2017-12-13,2017-12-13
2017036,UTQ11298,UTQ11189,Hominidae,2017-12-13,2017-12-13
2017037,UTQ11299,UTQ11190,Hominidae,2017-12-13,2017-12-13
2017038,UTQ11300,UTQ11191,Hominidae,2017-12-13,2017-12-13
2017039,UTQ11301,UTQ11192,Hominidae,2017-12-13,2017-12-13
2017040,UTQ11302,UTQ11193,Hominidae,2017-12-13,2017-12-13
2017041,UTQ11303,UTQ11194,Hominidae,2017-12-13,2017-12-13
2017044,UTQ11305,UTQ11196,Hominidae,2017-12-13,2017-12-13
2017045,UTQ11306,UTQ11197,Hominidae,2017-12-13,2017-12-13
2017046,UTQ11307,UTQ11198,Hominidae,2017-12-13,2017-12-13
2017047,UTQ11308,UTQ11199,Hominidae,2017-12-13,2017-12-13
2017051,UTQ11310,UTQ11200,Hominidae,2017-12-13,2017-12-13
2017053,UTQ11311,UTQ11201,Hominidae,2017-12-13,2017-12-13
2017054,UTQ11312,UTQ11202,Hominidae,2017-12-13,2017-12-13
2017055,UTQ11313,UTQ11203,Hominidae,2017-12-13,2017-12-13
RVA/pig-wt/CHE/S18-1097/2018/G5G3P[6]P[7]P[13]P[32],URW63830,URW63833,Suidae,2018,2018
RVA/pig-wt/CHE/S18-1097/2018/G5G3P[6]P[7]P[13]P[32],URW63830,URW63834,Suidae,2018,2018
3001607100,UQJ69752,UQJ69751,Hominidae,2016,2016
3001607113,UQJ69764,UQJ69763,Hominidae,2016,2016
3001607114,UQJ69776,UQJ69775,Hominidae,2016,2016
3001607128,UQJ69788,UQJ69787,Hominidae,2016,2016
3001607139,UQJ69800,UQJ69799,Hominidae,2016,2016
3001607143,UQJ69812,UQJ69811,Hominidae,2016,2016
3001607144,UQJ69824,UQJ69823,Hominidae,2016,2016
3001607180,UQJ69836,UQJ69835,Hominidae,2016,2016
3001607182,UQJ69848,UQJ69847,Hominidae,2016,2016
3001607194,UQJ69860,UQJ69859,Hominidae,2016,2016
3001607196,UQJ69872,UQJ69871,Hominidae,2016,2016
3001607202,UQJ69884,UQJ69882,Hominidae,2016,2016
3001607202,UQJ69884,UQJ69883,Hominidae,2016,2016
3001607202,UQJ69885,UQJ69882,Hominidae,2016,2016
3001607202,UQJ69885,UQJ69883,Hominidae,2016,2016
3001607205,UQJ69907,UQJ69906,Hominidae,2016,2016
3001607529,UQJ69919,UQJ69918,Hominidae,2016,2016
3001607530,UQJ69930,UQJ69929,Hominidae,2016,2016
3001607538,UQJ69941,UQJ69940,Hominidae,2017,2017
3001607541,UQJ69952,UQJ69951,Hominidae,2017,2017
3001607548,UQJ69964,UQJ69963,Hominidae,2017,2017
3001607549,UQJ69976,UQJ69975,Hominidae,2017,2017
3001607554,UQJ69988,UQJ69987,Hominidae,2017,2017
3001607560,UQJ69999,UQJ69998,Hominidae,2017,2017
3001607564,UQJ70011,UQJ70010,Hominidae,2017,2017
3001607571,UQJ70023,UQJ70022,Hominidae,2017,2017
3001607575,UQJ70035,UQJ70034,Hominidae,2017,2017
3001607578,UQJ70047,UQJ70046,Hominidae,2017,2017
3001607583,UQJ70059,UQJ70058,Hominidae,2017,2017
3001607584,UQJ70071,UQJ70070,Hominidae,2017,2017
3001607585,UQJ70083,UQJ70082,Hominidae,2017,2017
3001607586,UQJ70095,UQJ70094,Hominidae,2017,2017
3001607588,UQJ70107,UQJ70106,Hominidae,2017,2017
3001607594,UQJ70119,UQJ70118,Hominidae,2017,2017
3001607596,UQJ70131,UQJ70130,Hominidae,2017,2017
3001607601,UQJ70142,UQJ70141,Hominidae,2017,2017
3001607611,UQJ70153,UQJ70152,Hominidae,2017,2017
3001607613,UQJ70165,UQJ70164,Hominidae,2017,2017
3001607620,UQJ70177,UQJ70176,Hominidae,2017,2017
3001607621,UQJ70189,UQJ70188,Hominidae,2017,2017
3001607626,UQJ70201,UQJ70200,Hominidae,2017,2017
3001607643,UQJ70213,UQJ70212,Hominidae,2017,2017
3001607645,UQJ70225,UQJ70224,Hominidae,2017,2017
3001607647,UQJ70236,UQJ70235,Hominidae,2017,2017
3001607651,UQJ70248,UQJ70247,Hominidae,2017,2017
3001607652,UQJ70260,UQJ70259,Hominidae,2017,2017
3001607671,UQJ70272,UQJ70271,Hominidae,2017,2017
3001607673,UQJ70284,UQJ70283,Hominidae,2017,2017
3001607676,UQJ70296,UQJ70295,Hominidae,2018,2018
3001607684,UQJ70308,UQJ70307,Hominidae,2018,2018
3001607688,UQJ70319,UQJ70318,Hominidae,2018,2018
3001607691,UQJ70331,UQJ70330,Hominidae,2018,2018
3001607693,UQJ70343,UQJ70342,Hominidae,2018,2018
3001607706,UQJ70355,UQJ70354,Hominidae,2018,2018
3001607707,UQJ70367,UQJ70366,Hominidae,2018,2018
3001607716,UQJ70379,UQJ70378,Hominidae,2018,2018
3001607721,UQJ70390,UQJ70389,Hominidae,2018,2018
3001607722,UQJ70402,UQJ70401,Hominidae,2018,2018
3001607723,UQJ70414,UQJ70413,Hominidae,2018,2018
3001607726,UQJ70426,UQJ70425,Hominidae,2018,2018
3001607730,UQJ70437,UQJ70436,Hominidae,2018,2018
3001607737,UQJ70449,UQJ70448,Hominidae,2018,2018
3001607740,UQJ70461,UQJ70460,Hominidae,2018,2018
3001607764,UQJ70473,UQJ70472,Hominidae,2018,2018
3001607769,UQJ70485,UQJ70484,Hominidae,2018,2018
3001607791,UQJ70497,UQJ70496,Hominidae,2018,2018
3001607792,UQJ70509,UQJ70508,Hominidae,2018,2018
3001607806,UQJ70521,UQJ70520,Hominidae,2018,2018
3001607809,UQJ70533,UQJ70532,Hominidae,2018,2018
3001607810,UQJ70545,UQJ70544,Hominidae,2018,2018
3001607814,UQJ70557,UQJ70556,Hominidae,2018,2018
3001607817,UQJ70569,UQJ70568,Hominidae,2018,2018
3001607819,UQJ70581,UQJ70580,Hominidae,2018,2018
3001607822,UQJ70593,UQJ70592,Hominidae,2018,2018
3001607823,UQJ70605,UQJ70604,Hominidae,2018,2018
P-01,ULF48222,ULF48227,Hominidae,2018,2018
RVA/Human-tc/USA/CC425/1998/G3P[9],UHH90634,UHH90633,Hominidae,1998-02-06,1998-02-06
RVA/Human-tc/USA/Ph158/1998/G9P[6],UHH90656,UHH90655,Hominidae,1998-01-26,1998-01-26
UFS-NGS-MRC-DPRU4749,UCF74290,UCF74286,Hominidae,2014,2014
UFS-NGS-MRC-DPRU13232,UCF74291,UCF74287,Hominidae,2016,2016
UFS-NGS-MRC-DPRU13327,UCF74292,UCF74288,Hominidae,2016,2016
UFS-NGS-MRC-DPRU13541,UCF74293,UCF74289,Hominidae,2016,2016
RVA/Human-wt/KEN/KLF0320/2010/G8P[4],QXY08805,QXY08807,Hominidae,2010-07-31,2010-07-31
RVA/Human-wt/KEN/KLF0389/2010/G9P[8],QXY08816,QXY08818,Hominidae,2010-12-18,2010-12-18
RVA/Human-wt/KEN/KLF0541/2012/G8P[4],QXY08836,QXY08837,Hominidae,2012-01-05,2012-01-05
RVA/Human-wt/KEN/KLF0548/2012/G1P[8],QXY08901,QXY08903,Hominidae,2012-02-11,2012-02-11
RVA/Human-wt/KEN/KLF0550/2012/G2P[4],QXY08930,QXY08932,Hominidae,2012-02-16,2012-02-16
RVA/Human-wt/KEN/KLF0554/2012/G9P[8],QXY08962,QXY08964,Hominidae,2012-03-04,2012-03-04
RVA/Human-wt/KEN/KLF0557/2012/G1P[8],QXY08984,QXY08986,Hominidae,2012-03-19,2012-03-19
RVA/Human-wt/KEN/KLF0561/2012/G9P[8],QXY09027,QXY09029,Hominidae,2012-04-14,2012-04-14
RVA/Human-wt/KEN/KLF0565/2012/G1P[8],QXY09077,QXY09079,Hominidae,2012-05-15,2012-05-15
RVA/Human-wt/KEN/KLF0567/2012/G1P[8],QXY09109,QXY09111,Hominidae,2012-06-05,2012-06-05
RVA/Human-wt/KEN/KLF0568/2012/G8P[4],QXY09130,QXY09132,Hominidae,2012-06-09,2012-06-09
RVA/Human-wt/KEN/KLF0569/2012/G2P[4],QXY09141,QXY09143,Hominidae,2012-06-13,2012-06-13
RVA/Human-wt/KEN/KLF0576/2012/G8P[4],QXY09172,QXY09174,Hominidae,2012-06-22,2012-06-22
RVA/Human-wt/KEN/KLF0585/2012/G2P[4],QXY09224,QXY09226,Hominidae,2012-07-11,2012-07-11
RVA/Human-wt/KEN/KLF0588/2012/G8P[4],QXY09257,QXY09259,Hominidae,2012-07-14,2012-07-14
RVA/Human-wt/KEN/KLF0604/2012/G8P[4],QXY09383,QXY09385,Hominidae,2012-07-25,2012-07-25
RVA/Human-wt/KEN/KLF0612/2012/G2P[4],QXY09432,QXY09434,Hominidae,2012-08-04,2012-08-04
RVA/Human-wt/KEN/KLF0613/2012/G8P[4],QXY09443,QXY09445,Hominidae,2012-08-08,2012-08-08
RVA/Human-wt/KEN/KLF0619/2012/G8P[4],QXY09507,QXY09509,Hominidae,2002-08-12,2012-08-12
RVA/Human-wt/KEN/KLF0621/2012/G8P[4],QXY09518,QXY09520,Hominidae,2012-08-15,2012-08-15
RVA/Human-wt/KEN/KLF0626/2012/G8P[4],QXY09550,QXY09552,Hominidae,2012-09-08,2012-09-08
RVA/Human-wt/KEN/KLF0632/2013/G1P[8],QXY09594,QXY09596,Hominidae,2013-04-11,2013-04-11
RVA/Human-wt/KEN/KLF0637/2013/G1P[8],QXY09649,QXY09651,Hominidae,2013-05-12,2013-05-12
RVA/Human-wt/KEN/KLF0639/2013/G1P[8],QXY09671,QXY09673,Hominidae,2013-05-20,2013-05-20
RVA/Human-wt/KEN/KLF0640/2013/G2P[4],QXY09682,QXY09684,Hominidae,2013-05-22,2013-05-22
RVA/Human-wt/KEN/KLF0642/2013/G1P[8],QXY09704,QXY09706,Hominidae,2013-05-23,2013-05-23
RVA/Human-wt/KEN/KLF0644/2013/G1P[8],QXY09726,QXY09728,Hominidae,2013-05-28,2013-05-28
RVA/Human-wt/KEN/KLF0646/2013/G1P[8],QXY09748,QXY09750,Hominidae,2013-05-31,2013-05-31
RVA/Human-wt/KEN/KLF0647/2013/G1P[8],QXY09759,QXY09761,Hominidae,2013-06-04,2013-06-04
RVA/Human-wt/KEN/KLF0648/2013/G1P[8],QXY09770,QXY09772,Hominidae,2013-06-05,2013-06-05
RVA/Human-wt/KEN/KLF0655/2013/G1P[8],QXY09847,QXY09849,Hominidae,2013-06-11,2013-06-11
RVA/Human-wt/KEN/KLF0660/2013/G1P[8],QXY09891,QXY09893,Hominidae,2013-06-18,2013-06-18
RVA/Human-wt/KEN/KLF0664/2013/G1P[8],QXY09934,QXY09936,Hominidae,2013-06-26,2013-06-26
RVA/Human-wt/KEN/KLF0670/2013/G1P[8],QXY09988,QXY09990,Hominidae,2013-07-27,2013-07-27
RVA/Human-wt/KEN/KLF0674/2013/G1P[8],QXY10021,QXY10023,Hominidae,2013-08-12,2013-08-12
RVA/Human-wt/KEN/KLF0679/2013/G1P[8],QXY10053,QXY10055,Hominidae,2013-09-03,2013-09-03
RVA/Human-wt/KEN/KLF0680/2013/G1P[8],QXY10064,QXY10066,Hominidae,2013-09-05,2013-09-05
RVA/Human-wt/KEN/KLF0682/2013/G1P[8],QXY10075,QXY10077,Hominidae,2013-09-16,2013-09-16
RVA/Human-wt/KEN/KLF0683/2013/G1P[8],QXY10086,QXY10088,Hominidae,2013-09-17,2013-09-17
RVA/Human-wt/KEN/KLF0690/2013/G1P[8],QXY10163,QXY10165,Hominidae,2013-11-07,2013-11-07
RVA/Human-wt/KEN/KLF0691/2013/G1P[8],QXY10174,QXY10176,Hominidae,2013-11-12,2013-11-12
RVA/Human-wt/KEN/KLF0699/2014/G1P[8],QXY10229,QXY10231,Hominidae,2014-03-20,2014-03-20
RVA/Human-wt/KEN/KLF0705/2014/G1P[8],QXY10262,QXY10264,Hominidae,2014-04-14,2014-04-14
RVA/Human-wt/KEN/KLF0707/2014/G1P[8],QXY10284,QXY10286,Hominidae,2014-04-19,2014-04-19
RVA/Human-wt/KEN/KLF0724/2014/G1P[8],QXY10372,QXY10374,Hominidae,2014-06-17,2014-06-17
RVA/Human-wt/KEN/KLF0726/2014/G1P[8],QXY10383,QXY10385,Hominidae,2014-06-22,2014-06-22
RVA/Human-wt/KEN/KLF0732/2014/G9P[8],QXY10405,QXY10407,Hominidae,2014-07-14,2014-07-14
RVA/Human-wt/KEN/KLF0735/2014/G1P[8],QXY10416,QXY10418,Hominidae,2014-07-18,2014-07-18
RVA/Human-wt/KEN/KLF0736/2014/G1P[8],QXY10427,QXY10429,Hominidae,2014-07-18,2014-07-18
RVA/Human-wt/KEN/KLF0738/2014/G1P[8],QXY10438,QXY10440,Hominidae,2014-07-21,2014-07-21
RVA/Human-wt/KEN/KLF0740/2014/G9P[8],QXY10449,QXY10451,Hominidae,2014-07-22,2014-06-22
RVA/Human-wt/KEN/KLF0745/2014/G1P[8],QXY10460,QXY10462,Hominidae,2014-08-13,2014-08-13
RVA/Human-wt/KEN/KLF0750/2014/G9P[8],QXY10469,QXY10471,Hominidae,2014-09-03,2014-09-03
RVA/Human-wt/KEN/KLF0751/2014/G9P[8],QXY10480,QXY10482,Hominidae,2014-09-04,2014-09-04
RVA/Human-wt/KEN/KLF0752/2014/G9P[8],QXY10491,QXY10493,Hominidae,2014-09-04,2014-09-04
RVA/Human-wt/KEN/KLF0755/2015/G9P[8],QXY10502,QXY10504,Hominidae,2015-03-26,2015-03-26
RVA/Human-wt/KEN/KLF0760/2015/G1P[8],QXY10513,QXY10515,Hominidae,2015-05-23,2015-05-23
RVA/Human-wt/KEN/KLF0761/2015/G1P[8],QXY10524,QXY10526,Hominidae,2015-05-30,2015-05-30
RVA/Human-wt/KEN/KLF0762/2015/G1P[8],QXY10535,QXY10537,Hominidae,2015-06-01,2015-06-01
RVA/Human-wt/KEN/KLF0763/2015/G1P[8],QXY10546,QXY10548,Hominidae,2015-06-02,2015-06-02
RVA/Human-wt/KEN/KLF0764/2015/G1P[8],QXY10557,QXY10559,Hominidae,2015-06-03,2015-06-03
RVA/Human-wt/KEN/KLF0765/2015/G1P[8],QXY10568,QXY10570,Hominidae,2015-06-05,2015-06-05
RVA/Human-wt/KEN/KLF0767/2015/G1P[8],QXY10579,QXY10581,Hominidae,2015-06-06,2015-06-06
RVA/Human-wt/KEN/KLF0768/2015/G1P[8],QXY10590,QXY10592,Hominidae,2015-06-06,2015-06-06
RVA/Human-wt/KEN/KLF0769/2015/G1P[8],QXY10601,QXY10603,Hominidae,2015-06-09,2015-06-09
RVA/Human-wt/KEN/KLF0770/2015/G1P[8],QXY10612,QXY10614,Hominidae,2015-06-10,2015-06-10
RVA/Human-wt/KEN/KLF0771/2015/G1P[8],QXY10623,QXY10625,Hominidae,2015-06-09,2015-06-09
RVA/Human-wt/KEN/KLF0772/2015/G1P[8],QXY10634,QXY10636,Hominidae,2015-06-11,2015-06-11
RVA/Human-wt/KEN/KLF0774/2015/G1P[8],QXY10645,QXY10647,Hominidae,2015-06-12,2015-06-12
RVA/Human-wt/KEN/KLF0775/2015/G1P[8],QXY10656,QXY10658,Hominidae,2015-06-16,2015-06-16
RVA/Human-wt/KEN/KLF0776/2015/G1P[8],QXY10667,QXY10669,Hominidae,2015-06-16,2015-06-16
RVA/Human-wt/KEN/KLF0777/2015/G1P[8],QXY10678,QXY10680,Hominidae,2015-06-16,2015-06-16
RVA/Human-wt/KEN/KLF0778/2015/G1P[8],QXY10689,QXY10691,Hominidae,2015-06-16,2015-06-16
RVA/Human-wt/KEN/KLF0779/2015/G1P[8],QXY10699,QXY10701,Hominidae,2015-06-17,2015-06-17
RVA/Human-wt/KEN/KLF0780/2015/G1P[8],QXY10710,QXY10712,Hominidae,2015-06-20,2015-06-20
RVA/Human-wt/KEN/KLF0781/2015/G1P[8],QXY10721,QXY10723,Hominidae,2015-06-20,2015-06-20
RVA/Human-wt/KEN/KLF0782/2015/G1P[8],QXY10732,QXY10734,Hominidae,2015-06-20,2015-06-20
RVA/Human-wt/KEN/KLF0784/2015/G1P[8],QXY10743,QXY10745,Hominidae,2015-06-22,2015-06-22
RVA/Human-wt/KEN/KLF0785/2015/G1P[8],QXY10754,QXY10756,Hominidae,2015-06-23,2015-06-23
RVA/Human-wt/KEN/KLF0786/2015/G1P[8],QXY10765,QXY10767,Hominidae,2015-06-23,2015-06-23
RVA/Human-wt/KEN/KLF0787/2015/G1P[8],QXY10776,QXY10778,Hominidae,2015-06-25,2015-06-25
RVA/Human-wt/KEN/KLF0788/2015/G1P[8],QXY10787,QXY10789,Hominidae,2015-06-25,2015-06-25
RVA/Human-wt/KEN/KLF0791/2015/G1P[8],QXY10797,QXY10799,Hominidae,2015-06-27,2015-06-27
RVA/Human-wt/KEN/KLF0792/2015/G1P[8],QXY10808,QXY10810,Hominidae,2015-06-27,2015-06-27
RVA/Human-wt/KEN/KLF0793/2015/G1P[8],QXY10819,QXY10821,Hominidae,2015-06-28,2015-06-28
RVA/Human-wt/KEN/KLF0794/2015/G1P[8],QXY10830,QXY10832,Hominidae,2015-07-03,2015-07-03
RVA/Human-wt/KEN/KLF0795/2015/G1P[8],QXY10841,QXY10843,Hominidae,2015-07-02,2015-07-02
RVA/Human-wt/KEN/KLF0798/2015/G1P[8],QXY10852,QXY10854,Hominidae,2015-07-03,2015-07-03
RVA/Human-wt/KEN/KLF0799/2015/G1P[8],QXY10863,QXY10865,Hominidae,2015-07-05,2015-07-05
RVA/Human-wt/KEN/KLF0800/2015/G1P[8],QXY10874,QXY10876,Hominidae,2015-07-05,2015-07-05
RVA/Human-wt/KEN/KLF0801/2015/G1P[8],QXY10885,QXY10887,Hominidae,2015-07-06,2015-07-06
RVA/Human-wt/KEN/KLF0802/2015/G1P[8],QXY10896,QXY10898,Hominidae,2015-07-07,2015-07-07
RVA/Human-wt/KEN/KLF0803/2015/G1P[8],QXY10907,QXY10909,Hominidae,2015-07-08,2015-07-08
RVA/Human-wt/KEN/KLF0805/2015/G1P[8],QXY10918,QXY10920,Hominidae,2015-07-11,2015-07-11
RVA/Human-wt/KEN/KLF0806/2015/G1P[8],QXY10929,QXY10931,Hominidae,2015-07-14,2015-07-14
RVA/Human-wt/KEN/KLF0807/2015/G1P[8],QXY10940,QXY10942,Hominidae,2015-07-14,2015-07-14
RVA/Human-wt/KEN/KLF0808/2015/G1P[8],QXY10951,QXY10953,Hominidae,2015-07-15,2015-07-15
RVA/Human-wt/KEN/KLF0809/2015/G1P[8],QXY10962,QXY10964,Hominidae,2015-07-15,2015-07-15
RVA/Human-wt/KEN/KLF0810/2015/G1P[8],QXY10973,QXY10975,Hominidae,2015-07-16,2015-07-16
RVA/Human-wt/KEN/KLF0811/2015/G1P[8],QXY10984,QXY10986,Hominidae,2015-07-17,2015-07-17
RVA/Human-wt/KEN/KLF0812/2015/G1P[8],QXY10995,QXY10997,Hominidae,2015-07-24,2015-07-24
RVA/Human-wt/KEN/KLF0813/2015/G1P[8],QXY11006,QXY11008,Hominidae,2015-07-25,2015-07-25
RVA/Human-wt/KEN/KLF0814/2015/G1P[8],QXY11017,QXY11019,Hominidae,2015-07-26,2015-07-26
RVA/Human-wt/KEN/KLF0815/2015/G1P[8],QXY11028,QXY11030,Hominidae,2015-08-01,2015-08-01
RVA/Human-wt/KEN/KLF0816/2015/G1P[8],QXY11060,QXY11062,Hominidae,2015-08-01,2015-08-01
RVA/Human-wt/KEN/KLF0817/2015/G1P[8],QXY11071,QXY11073,Hominidae,2015-08-07,2015-08-07
RVA/Human-wt/KEN/KLF0818/2015/G1P[8],QXY11082,QXY11084,Hominidae,2015-08-09,2015-08-09
RVA/Human-wt/KEN/KLF0819/2015/G1P[8],QXY11093,QXY11095,Hominidae,2015-08-11,2015-08-11
RVA/Human-wt/KEN/KLF0821/2015/G1P[8],QXY11104,QXY11106,Hominidae,2015-08-24,2015-08-24
RVA/Human-wt/KEN/KLF0822/2015/G1P[8],QXY11115,QXY11117,Hominidae,2015-08-26,2015-08-26
RVA/Human-wt/KEN/KLF0823/2015/G1P[8],QXY11126,QXY11128,Hominidae,2015-08-29,2015-08-29
RVA/Human-wt/KEN/KLF0824/2015/G1P[8],QXY11137,QXY11139,Hominidae,2015-09-01,2015-09-01
RVA/Human-wt/KEN/KLF0825/2015/G1P[8],QXY11148,QXY11150,Hominidae,2015-09-02,2015-09-02
RVA/Human-wt/KEN/KLF0827/2015/G1P[8],QXY11159,QXY11161,Hominidae,2015-10-12,2015-10-12
RVA/Human-wt/KEN/KLF0828/2015/G1P[8],QXY11170,QXY11172,Hominidae,2015-11-02,2015-11-02
RVA/Human-wt/KEN/KLF0832/2016/G1P[8],QXY11192,QXY11194,Hominidae,2016-06-04,2016-06-04
RVA/Human-wt/KEN/KLF0834/2016/G1P[8],QXY11214,QXY11216,Hominidae,2016-07-10,2016-07-10
RVA/Human-wt/KEN/KLF0838/2016/G1P[8],QXY11236,QXY11238,Hominidae,2016-07-25,2016-07-25
RVA/Human-wt/KEN/KLF0874/2018/G3P[8],QXY11357,QXY11359,Hominidae,2018-04-20,2018-04-20
RVA/Human-wt/KEN/KLF0877/2018/G1P[8],QXY11376,QXY11378,Hominidae,2018-05-01,2018-05-01
RVA/Human-wt/KEN/KLF0878/2018/G3P[8],QXY11386,QXY11388,Hominidae,2018-05-14,2018-05-14
RVA/Human-wt/KEN/KLF0884/2018/G3P[8],QXY11419,QXY11421,Hominidae,2018-06-03,2018-06-03
RVA/Human-wt/KEN/KLF0886/2018/G1P[8],QXY11430,QXY11432,Hominidae,2018-06-01,2018-06-01
RVA/Human-wt/KEN/KLF0887/2018/G1P[8],QXY11441,QXY11443,Hominidae,2018-06-01,2018-06-01
RVA/Human-wt/KEN/KLF0888/2018/G3P[8],QXY11451,QXY11453,Hominidae,2018-06-12,2018-06-12
RVA/Human-wt/KEN/KLF0889/2018/G3P[8],QXY11462,QXY11464,Hominidae,2018-06-15,2018-06-15
RVA/Human-wt/KEN/KLF0894/2018/G3P[8],QXY11473,QXY11475,Hominidae,2018-07-04,2018-07-04
RVA/Human-wt/KEN/KLF0895/2018/G3P[8],QXY11484,QXY11486,Hominidae,2018-07-09,2018-07-09
RVA/Human-wt/KEN/KLF0896/2018/G3P[8],QXY11495,QXY11497,Hominidae,2018-07-10,2018-07-10
RVA/Human-wt/KEN/KLF0897/2018/G3P[8],QXY11506,QXY11508,Hominidae,2018-07-10,2018-07-10
RVA/Human-wt/KEN/KLF0899/2018/G3P[8],QXY11517,QXY11519,Hominidae,2018-07-10,2018-07-10
RVA/Human-wt/KEN/KLF0900/2018/G3P[8],QXY11528,QXY11530,Hominidae,2018-07-12,2018-07-12
RVA/Human-wt/KEN/KLF0902/2018/G3P[8],QXY11550,QXY11552,Hominidae,2018-07-25,2018-07-25
RVA/Human-wt/KEN/KLF0905/2018/G3P[8],QXY11571,QXY11573,Hominidae,2018-07-28,2018-07-28
RVA/Human-wt/KEN/KLF0907/2018/G3P[8],QXY11582,QXY11584,Hominidae,2018-08-04,2018-08-04
RVA/Human-wt/KEN/KLF0908/2018/G1P[8],QXY11592,QXY11594,Hominidae,2018-08-01,2018-08-01
RVA/Human-wt/KEN/KLF0909/2018/G3P[8],QXY11603,QXY11605,Hominidae,2018-08-10,2018-08-10
RVA/Human-wt/KEN/KLF0912/2018/G3P[8],QXY11614,QXY11616,Hominidae,2018-08-23,2018-08-23
RVA/Human-wt/KEN/KLF0913/2018/G3P[8],QXY11623,QXY11625,Hominidae,2018-08-23,2018-08-23
RVA/Human-wt/KEN/KLF1000/2018/G3P[8],QXY12040,QXY12042,Hominidae,2018-04-22,2018-04-22
RVA/Human-wt/KEN/KLF1002/2018/G3P[8],QXY12062,QXY12064,Hominidae,2018-07-12,2018-07-12
RVA/Human-wt/KEN/KLF1003/2018/G3P[8],QXY12073,QXY12075,Hominidae,2018-08-06,2018-08-06
RVA/Human-wt/KEN/KLF1010/2014/G9P[8],QXY12084,QXY12086,Hominidae,2014-10-19,2014-10-19
RVA/Human-wt/KEN/KLF1026/2017/G2P[4],QXY12139,QXY12141,Hominidae,2017-12-22,2017-12-22
RVA/Human-wt/KEN/KLF1033/2018/G2P[4],QXY12150,QXY12152,Hominidae,2018-08-29,2018-08-29
RVA/Human-wt/KEN/KLF1038/2012/G1P[8],QXY12172,QXY12174,Hominidae,2012-05-24,2012-05-24
RVA/Human-wt/KEN/KLF1039/2013/G1P[8],QXY12183,QXY12185,Hominidae,2013-06-08,2013-06-08
RVA/Human-wt/KEN/KLF1040/2013/G1P[8],QXY12194,QXY12196,Hominidae,2013-06-15,2013-06-15
RVA/Human-wt/KEN/KLF1044/2013/G1P[8],QXY12238,QXY12240,Hominidae,2013-07-14,2013-07-14
RVA/Human-wt/KEN/KLF1046/2014/G1P[8],QXY12260,QXY12262,Hominidae,2014-01-04,2014-01-04
RVA/Human-wt/KEN/KLF1047/2014/G1P[8],QXY12271,QXY12273,Hominidae,2014-06-19,2014-06-19
RVA/Human-wt/KEN/KLF1048/2016/G1P[8],QXY12282,QXY12284,Hominidae,2016-08-24,2016-08-24
RVA/Human-wt/KEN/KLF1049/2016/G1P[8],QXY12293,QXY12295,Hominidae,2016-12-12,2016-12-12
RVA/Human-wt/KEN/KLF1050/2017/G1P[8],QXY12304,QXY12306,Hominidae,2017-10-04,2017-10-04
RVA/Human-wt/KEN/KLF1051/2018/G1P[8],QXY12315,QXY12317,Hominidae,2018-09-12,2018-09-12
RVA/Human-wt/KEN/KLF1055/2012/G8P[4],QXY12359,QXY12361,Hominidae,2012-08-01,2012-08-01
RVA/Human-wt/KEN/KLF1056/2012/G8P[4],QXY12370,QXY12372,Hominidae,2012-03-21,2012-03-21
RVA/Human-wt/KEN/KLF1060/2012/G9P[8],QXY12412,QXY12414,Hominidae,2012-10-10,2012-10-10
RVA/Human-wt/KEN/KLF1065/2012/G2P[4],QXY12443,QXY12445,Hominidae,2012-08-05,2012-08-05
RVA/Human-wt/KEN/KLF2467/2017/G1P[8],QXY12465,QXY12467,Hominidae,2017-01-27,2017-01-27
RVA/Human-wt/KEN/KLF2468/2017/G1P[8],QXY12476,QXY12478,Hominidae,2017-08-05,2017-08-05
RVA/Human-wt/KEN/KLF2469/2017/G1P[8],QXY12487,QXY12489,Hominidae,2017-08-30,2017-08-30
RVA/Human-wt/KEN/KLF2470/2017/G3P[8],QXY12498,QXY12500,Hominidae,2017-11-30,2017-11-30
UFS-NGS-MRC-DPRU1036,QWY11384,QWY11286,Hominidae,2008,2008
UFS-NGS-MRC-DPRU1040,QWY11385,QWY11287,Hominidae,2008,2008
UFS-NGS-MRC-DPRU1041,QWY11386,QWY11288,Hominidae,2008,2008
UFS-NGS-MRC-DPRU1041,QWY11386,QMW49368,Hominidae,2008,2006
UFS-NGS-MRC-DPRU1058,QWY11387,QWY11289,Hominidae,2008,2008
UFS-NGS-MRC-DPRU1071,QWY11388,QWY11290,Hominidae,2009,2009
UFS-NGS-MRC-DPRU1077,QWY11389,QWY11291,Hominidae,2009,2009
UFS-NGS-MRC-DPRU1097,QWY11390,QWY11292,Hominidae,2009,2009
UFS-NGS-MRC-DPRU12323,QWY11391,QWY11293,Hominidae,2016,2016
UFS-NGS-MRC-DPRU1271,QWY11392,QWY11294,Hominidae,2007,2007
UFS-NGS-MRC-DPRU1271,QWY11392,QMW49577,Hominidae,2007,2009
UFS-NGS-MRC-DPRU1285,QWY11393,QWY11295,Hominidae,2007,2007
UFS-NGS-MRC-DPRU1473,QWY11394,QWY11296,Hominidae,2010,2010
UFS-NGS-MRC-DPRU1507,QWY11395,QWY11297,Hominidae,2010,2010
UFS-NGS-MRC-DPRU1510,QWY11396,QWY11298,Hominidae,2010,2010
UFS-NGS-MRC-DPRU1520,QWY11397,QWY11299,Hominidae,2010,2010
UFS-NGS-MRC-DPRU182,QWY11398,QWY11300,Hominidae,2013,2013
UFS-NGS-MRC-DPRU185,QWY11399,QWY11301,Hominidae,2013,2013
UFS-NGS-MRC-DPRU1901,QWY11400,QWY11302,Hominidae,2008,2008
UFS-NGS-MRC-DPRU198,QWY11401,QWY11303,Hominidae,2013,2013
UFS-NGS-MRC-DPRU200,QWY11402,QWY11304,Hominidae,2013,2013
UFS-NGS-MRC-DPRU203,QWY11403,QWY11305,Hominidae,2013,2013
UFS-NGS-MRC-DPRU2123,QWY11404,QWY11306,Hominidae,2003,2003
UFS-NGS-MRC-DPRU2288,QWY11405,QWY11307,Hominidae,2009,2009
UFS-NGS-MRC-DPRU2326,QWY11406,QWY11308,Hominidae,2009,2009
UFS-NGS-MRC-DPRU531,QWY11407,QWY11309,Hominidae,2003,2003
UFS-NGS-MRC-DPRU580,QWY11408,QWY11310,Hominidae,2003,2003
UFS-NGS-MRC-DPRU594,QWY11409,QWY11311,Hominidae,2003,2003
UFS-NGS-MRC-DPRU60,QWY11410,QWY11312,Hominidae,2013,2013
UFS-NGS-MRC-DPRU603,QWY11411,QWY11313,Hominidae,2003,2003
UFS-NGS-MRC-DPRU667,QWY11412,QWY11314,Hominidae,2003,2003
UFS-NGS-MRC-DPRU68,QWY11413,QWY11315,Hominidae,2013,2013
UFS-NGS-MRC-DPRU75,QWY11414,QWY11316,Hominidae,2013,2013
UFS-NGS-MRC-DPRU764,QWY11415,QWY11317,Hominidae,2006,2006
UFS-NGS-MRC-DPRU81,QWY11416,QWY11318,Hominidae,2013,2013
UFS-NGS-MRC-DPRU84,QWY11417,QWY11319,Hominidae,2013,2013
UFS-NGS-MRC-DPRU952,QWY11418,QWY11320,Hominidae,2014,2014
UFS-NGS-MRC-DPRU975,QWY11419,QWY11321,Hominidae,2013,2013
UFS-NGS-MRC-DPRU978,QWY11420,QWY11322,Hominidae,2013,2013
UFS-NGS-MRC-DPRU985,QWY11421,QWY11323,Hominidae,2008,2008
UFS-NGS-MRC-DPRU986,QWY11422,QWY11324,Hominidae,2013,2013
UFS-NGS-NICD10248,QWY11423,QWY11325,Hominidae,2013,2013
UFS-NGS-NICD1079,QWY11424,QWY11326,Hominidae,2008,2008
UFS-NGS-NICD1112,QWY11425,QWY11327,Hominidae,2008,2008
UFS-NGS-NICD1122,QWY11426,QWY11328,Hominidae,2008,2008
UFS-NGS-NICD1138,QWY11427,QWY11329,Hominidae,2008,2008
UFS-NGS-NICD1165,QWY11428,QWY11330,Hominidae,2008,2008
UFS-NGS-NICD1180,QWY11429,QWY11331,Hominidae,2008,2008
UFS-NGS-NICD12041,QWY11430,QWY11332,Hominidae,2013,2013
UFS-NGS-NICD12795,QWY11431,QWY11333,Hominidae,2014,2014
UFS-NGS-NICD12832,QWY11432,QWY11334,Hominidae,2014,2014
UFS-NGS-NICD12838,QWY11433,QWY11335,Hominidae,2014,2014
UFS-NGS-NICD13081,QWY11434,QWY11336,Hominidae,2014,2014
UFS-NGS-NICD13083,QWY11435,QWY11337,Hominidae,2014,2014
UFS-NGS-NICD13333,QWY11436,QWY11338,Hominidae,2014,2014
UFS-NGS-NICD13335,QWY11437,QWY11339,Hominidae,2014,2014
UFS-NGS-NICD13522,QWY11438,QWY11340,Hominidae,2014,2014
UFS-NGS-NICD1355,QWY11439,QWY11341,Hominidae,2008,2008
UFS-NGS-NICD13791,QWY11440,QWY11342,Hominidae,2014,2014
UFS-NGS-NICD13878,QWY11441,QWY11343,Hominidae,2014,2014
UFS-NGS-NICD13907,QWY11442,QWY11344,Hominidae,2014,2014
UFS-NGS-NICD14647,QWY11443,QWY11345,Hominidae,2015,2015
UFS-NGS-NICD150,QWY11444,QWY11346,Hominidae,2007,2007
UFS-NGS-NICD15034,QWY11445,QWY11347,Hominidae,2015,2015
UFS-NGS-NICD15070,QWY11446,QWY11348,Hominidae,2015,2015
UFS-NGS-NICD15385,QWY11447,QWY11349,Hominidae,2015,2015
UFS-NGS-NICD16983,QWY11448,QWY11350,Hominidae,2016,2016
UFS-NGS-NICD17155,QWY11449,QWY11351,Hominidae,2016,2016
UFS-NGS-NICD18920,QWY11450,QWY11352,Hominidae,2017,2017
UFS-NGS-NICD3354,QWY11451,QWY11353,Hominidae,2009,2009
UFS-NGS-NICD3442,QWY11452,QWY11354,Hominidae,2009,2009
UFS-NGS-NICD3446,QWY11453,QWY11355,Hominidae,2009,2009
UFS-NGS-NICD3518,QWY11454,QWY11356,Hominidae,2009,2009
UFS-NGS-NICD3532,QWY11455,QWY11357,Hominidae,2009,2009
UFS-NGS-NICD3681,QWY11456,QWY11358,Hominidae,2009,2009
UFS-NGS-NICD4012,QWY11457,QWY11359,Hominidae,2009,2009
UFS-NGS-NICD419,QWY11458,QWY11360,Hominidae,2007,2007
UFS-NGS-NICD4207,QWY11459,QWY11361,Hominidae,2009,2009
UFS-NGS-NICD516,QWY11460,QWY11362,Hominidae,2007,2007
UFS-NGS-NICD5625,QWY11461,QWY11363,Hominidae,2010,2010
UFS-NGS-NICD582,QWY11462,QWY11364,Hominidae,2007,2007
UFS-NGS-NICD5884,QWY11463,QWY11365,Hominidae,2010,2010
UFS-NGS-NICD6099,QWY11464,QWY11366,Hominidae,2010,2010
UFS-NGS-NICD6150,QWY11465,QWY11367,Hominidae,2010,2010
UFS-NGS-NICD6171,QWY11466,QWY11368,Hominidae,2010,2010
UFS-NGS-NICD626,QWY11467,QWY11369,Hominidae,2007,2007
UFS-NGS-NICD6388,QWY11468,QWY11370,Hominidae,2010,2010
UFS-NGS-NICD673,QWY11469,QWY11371,Hominidae,2007,2007
UFS-NGS-NICD759,QWY11470,QWY11372,Hominidae,2007,2007
UFS-NGS-NICD8873,QWY11471,QWY11373,Hominidae,2012,2012
UFS-NGS-NICD8940,QWY11472,QWY11374,Hominidae,2012,2012
UFS-NGS-NICD9031,QWY11473,QWY11375,Hominidae,2012,2012
UFS-NGS-NICD9040,QWY11474,QWY11376,Hominidae,2012,2012
UFS-NGS-NICD9045,QWY11475,QWY11377,Hominidae,2012,2012
UFS-NGS-NICD9171,QWY11476,QWY11378,Hominidae,2012,2012
UFS-NGS-NICD9329,QWY11477,QWY11379,Hominidae,2012,2012
UFS-NGS-NICD9330,QWY11478,QWY11380,Hominidae,2012,2012
UFS-NGS-NICD9335,QWY11479,QWY11381,Hominidae,2012,2012
UFS-NGS-NICD9554,QWY11480,QWY11382,Hominidae,2012,2012
UFS-NGS-NICD9659,QWY11481,QWY11383,Hominidae,2012,2012
2014737554,QHX59581,QHX59423,Hominidae,2014,2014
2014737624,QHX59582,QHX59424,Hominidae,2014,2014
2014737668,QHX59583,QHX59425,Hominidae,2014,2014
2014738127,QHX59584,QHX59426,Hominidae,2014,2014
2014738139,QHX59585,QHX59427,Hominidae,2014,2014
2014738143,QHX59586,QHX59428,Hominidae,2014,2014
2014739067,QHX59587,QHX59429,Hominidae,2014,2014
2014741096,QHX59588,QHX59430,Hominidae,2014,2014
2014741123,QHX59589,QHX59431,Hominidae,2014,2014
2014741134,QHX59590,QHX59432,Hominidae,2014,2014
2014741142,QHX59591,QHX59433,Hominidae,2014,2014
2014741158,QHX59592,QHX59434,Hominidae,2014,2014
2014741161,QHX59593,QHX59435,Hominidae,2014,2014
2014741162,QHX59594,QHX59436,Hominidae,2014,2014
2014741169,QHX59595,QHX59437,Hominidae,2014,2014
2014741183,QHX59596,QHX59438,Hominidae,2014,2014
2014741210,QHX59597,QHX59439,Hominidae,2014,2014
2014741232,QHX59598,QHX59440,Hominidae,2014,2014
2014741241,QHX59599,QHX59441,Hominidae,2014,2014
2014741246,QHX59600,QHX59442,Hominidae,2014,2014
2014741247,QHX59601,QHX59443,Hominidae,2014,2014
2014741252,QHX59602,QHX59444,Hominidae,2014,2014
2014741257,QHX59603,QHX59445,Hominidae,2014,2014
2014741266,QHX59604,QHX59446,Hominidae,2014,2014
2014741280,QHX59605,QHX59447,Hominidae,2014,2014
2014741282,QHX59606,QHX59448,Hominidae,2014,2014
2014741283,QHX59607,QHX59449,Hominidae,2014,2014
2014741289,QHX59608,QHX59450,Hominidae,2014,2014
2014741295,QHX59609,QHX59451,Hominidae,2014,2014
2014741312,QHX59610,QHX59452,Hominidae,2014,2014
2014741338,QHX59611,QHX59453,Hominidae,2014,2014
2014741348,QHX59612,QHX59454,Hominidae,2014,2014
2014741388,QHX59613,QHX59455,Hominidae,2014,2014
2014741389,QHX59614,QHX59456,Hominidae,2014,2014
2014741422,QHX59615,QHX59457,Hominidae,2014,2014
2014741474,QHX59616,QHX59458,Hominidae,2014,2014
2014741572,QHX59617,QHX59459,Hominidae,2014,2014
2014741597,QHX59618,QHX59460,Hominidae,2014,2014
2014741629,QHX59619,QHX59461,Hominidae,2014,2014
2014743662,QHX59620,QHX59462,Hominidae,2014,2014
2014743787,QHX59621,QHX59463,Hominidae,2014,2014
2014745096,QHX59622,QHX59464,Hominidae,2014,2014
2014745107,QHX59623,QHX59465,Hominidae,2014,2014
2014745120,QHX59624,QHX59466,Hominidae,2014,2014
2014745125,QHX59625,QHX59467,Hominidae,2014,2014
2014746684,QHX59626,QHX59468,Hominidae,2014,2014
2014751652,QHX59627,QHX59469,Hominidae,2014,2014
2014751657,QHX59628,QHX59470,Hominidae,2014,2014
2014753177,QHX59629,QHX59471,Hominidae,2014,2014
2014753181,QHX59630,QHX59472,Hominidae,2014,2014
2014753259,QHX59631,QHX59473,Hominidae,2014,2014
3000007730,QHX59632,QHX59475,Hominidae,2015,2015
3000007746,QHX59633,QHX59476,Hominidae,2015,2015
3000007747,QHX59634,QHX59477,Hominidae,2015,2015
3000014466,QHX59635,QHX59478,Hominidae,2014,2014
3000053718,QHX59636,QHX59479,Hominidae,2015,2015
3000346510,QHX59637,QHX59480,Hominidae,2015,2015
3000347103,QHX59638,QHX59481,Hominidae,2014,2014
3000347112,QHX59639,QHX59482,Hominidae,2014,2014
3000347141,QHX59640,QHX59483,Hominidae,2014,2014
3000347150,QHX59641,QHX59484,Hominidae,2014,2014
3000347152,QHX59642,QHX59485,Hominidae,2014,2014
3000347195,QHX59643,QHX59486,Hominidae,2015,2015
3000347201,QHX59644,QHX59487,Hominidae,2015,2015
3000347203,QHX59645,QHX59488,Hominidae,2015,2015
3000347219,QHX59646,QHX59489,Hominidae,2015,2015
3000347225,QHX59647,QHX59490,Hominidae,2015,2015
3000347240,QHX59648,QHX59491,Hominidae,2015,2015
3000347243,QHX59649,QHX59492,Hominidae,2015,2015
3000350798,QHX59650,QHX59493,Hominidae,2015,2015
3000350821,QHX59651,QHX59494,Hominidae,2015,2015
3000350844,QHX59652,QHX59495,Hominidae,2015,2015
3000350936,QHX59653,QHX59496,Hominidae,2015,2015
3000352507,QHX59654,QHX59497,Hominidae,2015,2015
3000353040,QHX59655,QHX59498,Hominidae,2016,2016
3000353050,QHX59656,QHX59499,Hominidae,2016,2016
3000353164,QHX59657,QHX59500,Hominidae,2016,2016
3000353631,QHX59658,QHX59501,Hominidae,2015,2015
3000354105,QHX59659,QHX59502,Hominidae,2016,2016
3000354328,QHX59660,QHX59503,Hominidae,2015,2015
3000354346,QHX59661,QHX59504,Hominidae,2015,2015
3000354391,QHX59662,QHX59505,Hominidae,2015,2015
3000354421,QHX59663,QHX59506,Hominidae,2015,2015
3000354436,QHX59664,QHX59507,Hominidae,2015,2015
3000354444,QHX59665,QHX59508,Hominidae,2015,2015
3000354474,QHX59666,QHX59509,Hominidae,2015,2015
3000355290,QHX59667,QHX59510,Hominidae,2015,2015
3000355310,QHX59668,QHX59511,Hominidae,2015,2015
3000355931,QHX59669,QHX59512,Hominidae,2016,2016
3000356491,QHX59670,QHX59513,Hominidae,2015,2015
3000356514,QHX59671,QHX59514,Hominidae,2015,2015
3000356580,QHX59672,QHX59515,Hominidae,2015,2015
3000356648,QHX59673,QHX59516,Hominidae,2015,2015
3000356682,QHX59674,QHX59517,Hominidae,2015,2015
3000357125,QHX59675,QHX59518,Hominidae,2016,2016
3000368400,QHX59676,QHX59519,Hominidae,2016,2016
3000368401,QHX59677,QHX59520,Hominidae,2016,2016
3000368518,QHX59678,QHX59521,Hominidae,2015,2015
3000368540,QHX59679,QHX59522,Hominidae,2015,2015
3000368549,QHX59680,QHX59523,Hominidae,2015,2015
3000368927,QHX59681,QHX59524,Hominidae,2015,2015
3000368951,QHX59682,QHX59525,Hominidae,2015,2015
3000371148,QHX59683,QHX59526,Hominidae,2015,2015
3000371160,QHX59684,QHX59527,Hominidae,2015,2015
3000371344,QHX59685,QHX59528,Hominidae,2015,2015
3000371396,QHX59686,QHX59529,Hominidae,2015,2015
3000371433,QHX59687,QHX59530,Hominidae,2015,2015
3000372661,QHX59688,QHX59531,Hominidae,2016,2016
3000378272,QHX59689,QHX59532,Hominidae,2016,2016
3000379477,QHX59690,QHX59533,Hominidae,2016,2016
3000380081,QHX59691,QHX59534,Hominidae,2015,2015
3000380129,QHX59692,QHX59535,Hominidae,2015,2015
3000380136,QHX59693,QHX59536,Hominidae,2015,2015
3000380486,QHX59694,QHX59537,Hominidae,2015,2015
3000380488,QHX59695,QHX59538,Hominidae,2015,2015
3000380498,QHX59696,QHX59539,Hominidae,2015,2015
3000380513,QHX59697,QHX59540,Hominidae,2015,2015
3000380681,QHX59698,QHX59541,Hominidae,2015,2015
3000399713,QHX59699,QHX59542,Hominidae,2016,2016
3000399857,QHX59700,QHX59543,Hominidae,2016,2016
3000428941,QHX59701,QHX59544,Hominidae,2016,2016
3000428948,QHX59702,QHX59545,Hominidae,2016,2016
3000449267,QHX59703,QHX59546,Hominidae,2015,2015
3000449274,QHX59704,QHX59547,Hominidae,2015,2015
3000449346,QHX59705,QHX59548,Hominidae,2016,2016
3000490070,QHX59706,QHX59549,Hominidae,2016,2016
3000490320,QHX59707,QHX59550,Hominidae,2016,2016
3000490361,QHX59708,QHX59551,Hominidae,2016,2016
3000490366,QHX59709,QHX59552,Hominidae,2016,2016
3000524336,QHX59710,QHX59553,Hominidae,2016,2016
3000524367,QHX59711,QHX59554,Hominidae,2016,2016
3000524374,QHX59712,QHX59555,Hominidae,2016,2016
3000524769,QHX59713,QHX59556,Hominidae,2016,2016
3000526180,QHX59714,QHX59557,Hominidae,2016,2016
3000526249,QHX59715,QHX59558,Hominidae,2016,2016
3000526261,QHX59716,QHX59559,Hominidae,2016,2016
3000528445,QHX59717,QHX59560,Hominidae,2016,2016
3000528643,QHX59718,QHX59561,Hominidae,2016,2016
3000530637,QHX59719,QHX59562,Hominidae,2016,2016
3000532639,QHX59720,QHX59563,Hominidae,2016,2016
3000533682,QHX59721,QHX59564,Hominidae,2016,2016
3000558204,QHX59722,QHX59565,Hominidae,2016,2016
3000558215,QHX59723,QHX59566,Hominidae,2016,2016
3000558260,QHX59724,QHX59567,Hominidae,2016,2016
3000558285,QHX59725,QHX59568,Hominidae,2016,2016
3000558288,QHX59726,QHX59569,Hominidae,2016,2016
3000558291,QHX59727,QHX59570,Hominidae,2016,2016
3000558327,QHX59728,QHX59571,Hominidae,2016,2016
3000558351,QHX59729,QHX59572,Hominidae,2016,2016
3000558368,QHX59730,QHX59573,Hominidae,2016,2016
3000558371,QHX59731,QHX59574,Hominidae,2016,2016
3000592598,QHX59733,QHX59576,Hominidae,2016,2016
2014741260,QHX59734,QHX59577,Hominidae,2014,2014
2014741314,QHX59735,QHX59578,Hominidae,2014,2014
2014741318,QHX59736,QHX59579,Hominidae,2014,2014
RVA/Human-lab/USA/G1P8/Wa/virulent,QPK41247,QPK41262,Hominidae,2002,2002
RVA/Human-lab/USA/G1P8/Wa/attenuated,QPK41248,QPK41263,Hominidae,2009,2009
RVA/Human-lab/USA/G3P8/M/virulent,QPK41249,QPK41264,Hominidae,2005,2005
RVA/Human-lab/USA/G3P8/M/attenuated,QPK41250,QPK41265,Hominidae,2008,2008
RVA/Pig-tc/USA/G4P6/Gottfried/1975/virulent,QPK41251,QPK41266,Suidae,1975,1975
RVA/Pig-tc/USA/G4P6/Gottfried/1975/attenuated,QPK41252,QPK41267,Suidae,1975,1975
RVA/Hu/USA/Wa/1974,QPG86690,QPG86695,Hominidae,1974,1974
UFS-NGS-MRC-DPRU1002,QMW49259,QMW49258,Hominidae,2006,2006
UFS-NGS-MRC-DPRU1005,QMW49270,QMW49269,Hominidae,2006,2006
UFS-NGS-MRC-DPRU1006,QMW49281,QMW49280,Hominidae,2006,2006
UFS-NGS-MRC-DPRU1007,QMW49292,QMW49291,Hominidae,2006,2006
UFS-NGS-MRC-DPRU1009,QMW49303,QMW49302,Hominidae,2006,2006
UFS-NGS-MRC-DPRU1012,QMW49314,QMW49313,Hominidae,2006,2006
UFS-NGS-MRC-DPRU1015,QMW49325,QMW49324,Hominidae,2006,2006
UFS-NGS-MRC-DPRU1019,QMW49336,QMW49335,Hominidae,2006,2006
UFS-NGS-MRC-DPRU1030,QMW49347,QMW49346,Hominidae,2006,2006
UFS-NGS-MRC-DPRU1039,QMW49358,QMW49357,Hominidae,2006,2006
UFS-NGS-MRC-DPRU1041,QMW49369,QWY11288,Hominidae,2006,2008
UFS-NGS-MRC-DPRU1041,QMW49369,QMW49368,Hominidae,2006,2006
UFS-NGS-MRC-DPRU1047,QMW49391,QMW49390,Hominidae,2008,2008
UFS-NGS-MRC-DPRU1048,QMW49402,QMW49401,Hominidae,2008,2008
UFS-NGS-MRC-DPRU1049,QMW49413,QMW49412,Hominidae,2009,2009
UFS-NGS-MRC-DPRU1093,QMW49424,QMW49423,Hominidae,2009,2009
UFS-NGS-MRC-DPRU1104,QMW49435,QMW49434,Hominidae,2004,2004
UFS-NGS-MRC-DPRU1116,QMW49446,QMW49445,Hominidae,2004,2004
UFS-NGS-MRC-DPRU1131,QMW49457,QMW49456,Hominidae,2004,2004
UFS-NGS-MRC-DPRU1135,QMW49468,QMW49467,Hominidae,2004,2004
UFS-NGS-MRC-DPRU1139,QMW49479,QMW49478,Hominidae,2004,2004
UFS-NGS-MRC-DPRU1145,QMW49490,QMW49489,Hominidae,2004,2004
UFS-NGS-MRC-DPRU1148,QMW49501,QMW49500,Hominidae,2004,2004
UFS-NGS-MRC-DPRU1184,QMW49512,QMW49511,Hominidae,2004,2004
UFS-NGS-MRC-DPRU1190,QMW49523,QMW49522,Hominidae,2009,2009
UFS-NGS-MRC-DPRU1192,QMW49534,QMW49533,Hominidae,2004,2004
UFS-NGS-MRC-DPRU1205,QMW49545,QMW49544,Hominidae,2004,2004
UFS-NGS-MRC-DPRU1230,QMW49556,QMW49555,Hominidae,2004,2004
UFS-NGS-MRC-DPRU1234,QMW49567,QMW49566,Hominidae,2009,2009
UFS-NGS-MRC-DPRU1271,QMW49578,QWY11294,Hominidae,2009,2007
UFS-NGS-MRC-DPRU1271,QMW49578,QMW49577,Hominidae,2009,2009
UFS-NGS-MRC-DPRU1273,QMW49589,QMW49588,Hominidae,2007,2007
UFS-NGS-MRC-DPRU1287,QMW49600,QMW49599,Hominidae,2004,2004
UFS-NGS-MRC-DPRU1302,QMW49611,QMW49610,Hominidae,2007,2007
UFS-NGS-MRC-DPRU136,QMW49622,QMW49621,Hominidae,2009,2009
UFS-NGS-MRC-DPRU138,QMW49633,QMW49632,Hominidae,2009,2009
UFS-NGS-MRC-DPRU139,QMW49644,QMW49643,Hominidae,2009,2009
UFS-NGS-MRC-DPRU143,QMW49655,QMW49654,Hominidae,2014,2014
UFS-NGS-MRC-DPRU147,QMW49666,QMW49665,Hominidae,2007,2007
UFS-NGS-MRC-DPRU150,QMW49677,QMW49676,Hominidae,2014,2014
UFS-NGS-MRC-DPRU151,QMW49688,QMW49687,Hominidae,2009,2009
UFS-NGS-MRC-DPRU157,QMW49699,QMW49698,Hominidae,2009,2009
UFS-NGS-MRC-DPRU15948,QMW49710,QMW49709,Hominidae,2017,2017
UFS-NGS-MRC-DPRU1652,QMW49721,QMW49720,Hominidae,2007,2007
UFS-NGS-MRC-DPRU1965,QMW49732,QMW49731,Hominidae,2008,2008
UFS-NGS-MRC-DPRU1967,QMW49743,QMW49742,Hominidae,2008,2008
UFS-NGS-MRC-DPRU1969,QMW49754,QMW49753,Hominidae,2008,2008
UFS-NGS-MRC-DPRU1970,QMW49765,QMW49764,Hominidae,2008,2008
UFS-NGS-MRC-DPRU1980,QMW49776,QMW49775,Hominidae,2008,2008
UFS-NGS-MRC-DPRU2006,QMW49787,QMW49786,Hominidae,2008,2008
UFS-NGS-MRC-DPRU2021,QMW49798,QMW49797,Hominidae,2010,2010
UFS-NGS-MRC-DPRU2117,QMW49809,QMW49808,Hominidae,2003,2003
UFS-NGS-MRC-DPRU2145,QMW49820,QMW49819,Hominidae,2003,2003
UFS-NGS-MRC-DPRU2156,QMW49831,QMW49830,Hominidae,2003,2003
UFS-NGS-MRC-DPRU2250,QMW49842,QMW49841,Hominidae,2013,2013
UFS-NGS-MRC-DPRU2280,QMW49853,QMW49852,Hominidae,2009,2009
UFS-NGS-MRC-DPRU2291,QMW49864,QMW49863,Hominidae,2009,2009
UFS-NGS-MRC-DPRU2299,QMW49875,QMW49874,Hominidae,2009,2009
UFS-NGS-MRC-DPRU3410,QMW49886,QMW49885,Hominidae,2004,2004
UFS-NGS-MRC-DPRU3433,QMW49897,QMW49896,Hominidae,2006,2006
UFS-NGS-MRC-DPRU3449,QMW49908,QMW49907,Hominidae,2004,2004
UFS-NGS-MRC-DPRU3883,QMW49919,QMW49918,Hominidae,2002,2002
UFS-NGS-MRC-DPRU3892,QMW49930,QMW49929,Hominidae,2002,2002
UFS-NGS-MRC-DPRU3951,QMW49941,QMW49940,Hominidae,2002,2002
UFS-NGS-MRC-DPRU3956,QMW49952,QMW49951,Hominidae,2002,2002
UFS-NGS-MRC-DPRU4018,QMW49963,QMW49962,Hominidae,2002,2002
UFS-NGS-MRC-DPRU4019,QMW49974,QMW49973,Hominidae,2002,2002
UFS-NGS-MRC-DPRU4023,QMW49985,QMW49984,Hominidae,2002,2002
UFS-NGS-MRC-DPRU4024,QMW49996,QMW49995,Hominidae,2002,2002
UFS-NGS-MRC-DPRU4026,QMW50007,QMW50006,Hominidae,2002,2002
UFS-NGS-MRC-DPRU4049,QMW50018,QMW50017,Hominidae,2002,2002
UFS-NGS-MRC-DPRU4055,QMW50029,QMW50028,Hominidae,2002,2002
UFS-NGS-MRC-DPRU4102,QMW50040,QMW50039,Hominidae,2002,2002
UFS-NGS-MRC-DPRU4269,QMW50051,QMW50050,Hominidae,2002,2002
UFS-NGS-MRC-DPRU4271,QMW50062,QMW50061,Hominidae,2002,2002
UFS-NGS-MRC-DPRU4347,QMW50073,QMW50072,Hominidae,2015,2015
UFS-NGS-MRC-DPRU4352,QMW50084,QMW50083,Hominidae,2015,2015
UFS-NGS-MRC-DPRU4357,QMW50095,QMW50094,Hominidae,2015,2015
UFS-NGS-MRC-DPRU451,QMW50106,QMW50105,Hominidae,2005,2005
UFS-NGS-MRC-DPRU456,QMW50117,QMW50116,Hominidae,2003,2003
UFS-NGS-MRC-DPRU493,QMW50128,QMW50127,Hominidae,2003,2003
UFS-NGS-MRC-DPRU56,QMW50139,QMW50138,Hominidae,2014,2014
UFS-NGS-MRC-DPRU609,QMW50150,QMW50149,Hominidae,2003,2003
UFS-NGS-MRC-DPRU632,QMW50161,QMW50160,Hominidae,2003,2003
UFS-NGS-MRC-DPRU65,QMW50172,QMW50171,Hominidae,2014,2014
UFS-NGS-MRC-DPRU658,QMW50183,QMW50182,Hominidae,2005,2005
UFS-NGS-MRC-DPRU682,QMW50194,QMW50193,Hominidae,2005,2005
UFS-NGS-MRC-DPRU687,QMW50205,QMW50204,Hominidae,2005,2005
UFS-NGS-MRC-DPRU732,QMW50216,QMW50215,Hominidae,2006,2006
UFS-NGS-MRC-DPRU74,QMW50227,QMW50226,Hominidae,2014,2014
UFS-NGS-MRC-DPRU745,QMW50238,QMW50237,Hominidae,2005,2005
UFS-NGS-MRC-DPRU747,QMW50249,QMW50248,Hominidae,2005,2005
UFS-NGS-MRC-DPRU748,QMW50260,QMW50259,Hominidae,2006,2006
UFS-NGS-MRC-DPRU753,QMW50271,QMW50270,Hominidae,2006,2006
UFS-NGS-MRC-DPRU757,QMW50282,QMW50281,Hominidae,2006,2006
UFS-NGS-MRC-DPRU768,QMW50293,QMW50292,Hominidae,2006,2006
UFS-NGS-MRC-DPRU783,QMW50304,QMW50303,Hominidae,2006,2006
UFS-NGS-MRC-DPRU792,QMW50315,QMW50314,Hominidae,2007,2007
UFS-NGS-MRC-DPRU793,QMW50326,QMW50325,Hominidae,2007,2007
UFS-NGS-MRC-DPRU799,QMW50337,QMW50336,Hominidae,2007,2007
UFS-NGS-MRC-DPRU849,QMW50348,QMW50347,Hominidae,2006,2006
UFS-NGS-MRC-DPRU902,QMW50359,QMW50358,Hominidae,2006,2006
UFS-NGS-MRC-DPRU981,QMW50370,QMW50369,Hominidae,2006,2006
UFS-NGS-MRC-DPRU999,QMW50381,QMW50380,Hominidae,2006,2006
UFS-NGS-MRC-DPRU4723,QNG71146,QNG71145,Hominidae,2014,2014
2009727045,QNG71091,QNG71090,Hominidae,2009,2009
2009727103,QNG71102,QNG71101,Hominidae,2009,2009
2009727104,QNG71113,QNG71112,Hominidae,2009,2009
2009727137,QNG71124,QNG71123,Hominidae,2009,2009
2012748260,QNG71135,QNG71134,Hominidae,2012,2012
RVA/Human-wt/CHN/E5365/2017/G1P[8],QLL91253,QLL91246,Hominidae,2017-03-06,2017-03-06
RVA/Human-wt/CHN/E5867/2018/G3P[8],QLL91254,QLL91247,Hominidae,2018-04-03,2018-04-03
RVA/Human-wt/RUS/Novosibirsk/NS16-A32/2016/G2P[4],QKX94432,QKX94431,Hominidae,2016-01-15,2016-01-15
RVA/Human-wt/RUS/Novosibirsk/NS16-A131/2016/G3P[8],QKX94476,QKX94475,Hominidae,2016-02-26,2016-02-26
RVA/Human-wt/RUS/Novosibirsk/NS16-A519/2016/G1P[8],QKX94536,QKX94535,Hominidae,2016-08-01,2016-08-01
RVA/Human-wt/RUS/Novosibirsk/NS17-A993/2017/G12P[8],QKX94597,QKX94596,Hominidae,2017-03-29,2017-03-29
RVA/Human-wt/RUS/Novosibirsk/NS17-A1053/2017/G2P[4],QKX94616,QKX94615,Hominidae,2017-05-05,2017-05-05
RVA/Human-wt/RUS/Novosibirsk/NS17-A1215/2017/G1P[8],QKX94625,QKX94624,Hominidae,2017-08-27,2017-08-27
557/2017,QIG55639,QIG55641,Hominidae,2017,2017
52127,QHD56155,QHD56168,Hominidae,2003,2003
52127,QHD56155,QHD56169,Hominidae,2003,2003
56010,QHD56156,AQY10179,Hominidae,2003,2003
52127,QHD56157,QHD56168,Hominidae,2003,2003
52127,QHD56157,QHD56169,Hominidae,2003,2003
RVA/Pig-wt/USA/OK.5.68a/2008,AYA93331,AYA93339,Suidae,2008-01-02,2008-01-02
CAU17L-79,QEJ74051,QEJ74053,Hominidae,2017,2017
CAU17L-103,QEJ74062,QEJ74064,Hominidae,2017,2017
CAU17L-110,QEJ74072,QEJ74075,Hominidae,2017,2017
RVA/Human-wt/ESP/SS67922985/2018/G12P[8],QBQ83315,QBQ83319,Hominidae,2018-01-24,2018-01-24
RVA/Human-wt/ESP/SS96099331/2018/G12P[8],QBQ83316,QBQ83320,Hominidae,2018-04-18,2018-04-18
rj24598,ATY36268,ATY36270,Hominidae,2015,2015
IAL-R530/16,AYG99380,AYG99395,Hominidae,2016,2016
IAL-R594/15,AYG99381,AYG99394,Hominidae,2015,2015
IAL-R608/15,AYG99382,AYG99393,Hominidae,2015,2015
IAL-R645_Yarah/16,AYG99383,AYG99397,Hominidae,2016,2016
IAL-R751/16,AYG99384,AYG99396,Hominidae,2016,2016
IAL-R330/15,AYG99385,AYG99392,Hominidae,2015,2015
RVA/Pig-wt/THA/CMP-011-09/2009/G4P[6],AXS77345,AXS77347,Suidae,2009,2009
IAL-R3122,AXA19546,AXA19554,Hominidae,2013,2013
IAL-R3123,AXA19547,AXA19555,Hominidae,2013,2013
IAL-R3165,AXA19548,AXA19556,Hominidae,2013,2013
IAL-R3172,AXA19549,AXA19557,Hominidae,2013,2013
Hu/JS2010,AWX26067,AWX26065,Hominidae,2010,2010
Hu/JS2011,AWX26078,AWX26076,Hominidae,2011,2011
Hu/JS2012,AWX26089,AWX26087,Hominidae,2012,2012
Hu/JS2013,AWX26100,AWX26098,Hominidae,2013,2013
Hu/JS2014,AWX26111,AWX26109,Hominidae,2014,2014
Hu/JS2015,AWX26122,AWX26120,Hominidae,2015,2015
Hu/JS2016,AWX26133,AWX26131,Hominidae,2016,2016
G1P8-2-40,AUV48441,AUV48525,Hominidae,2016-12-30,2016-12-30
G1P8-2-50,AUV48442,AUV48526,Hominidae,2017-01-10,2017-01-10
G1P8-2-30,AUV48443,AUV48527,Hominidae,2016-12-20,2016-12-20
G1P8-2-20,AUV48444,AUV48528,Hominidae,2016-12-10,2016-12-10
G1P8-2-10,AUV48445,AUV48529,Hominidae,2016-11-30,2016-11-30
G1P8-2,AUV48446,AUV48530,Hominidae,2016-11-20,2016-11-20
G1P8-1-40,AUV48447,AUV48513,Hominidae,2016-12-30,2016-12-30
G1P8-1-50,AUV48448,AUV48514,Hominidae,2017-01-10,2017-01-10
G1P8-1-30,AUV48449,AUV48515,Hominidae,2016-12-20,2016-12-20
G1P8-1-20,AUV48450,AUV48516,Hominidae,2016-12-10,2016-12-10
G1P8-1-10,AUV48451,AUV48517,Hominidae,2016-11-30,2016-11-30
G1P8-1,AUV48452,AUV48518,Hominidae,2016-11-20,2016-11-20
G1P8-3-40,AUV48453,AUV48520,Hominidae,2016-12-30,2016-12-30
G1P8-3-50,AUV48454,AUV48519,Hominidae,2017-01-10,2017-01-10
G1P8-3-30,AUV48455,AUV48521,Hominidae,2016-12-20,2016-12-20
G1P8-3-20,AUV48456,AUV48522,Hominidae,2016-12-10,2016-12-10
G1P8-3-10,AUV48457,AUV48523,Hominidae,2016-11-30,2016-11-30
G1P8-3,AUV48458,AUV48524,Hominidae,2016-11-20,2016-11-20
G2P4-1,AUV48459,AUV48531,Hominidae,2016-11-20,2016-11-20
G2P4-1-10,AUV48460,AUV48532,Hominidae,2016-11-30,2016-11-30
G2P4-1-20,AUV48461,AUV48533,Hominidae,2016-12-10,2016-12-10
G2P4-1-30,AUV48462,AUV48534,Hominidae,2016-12-20,2016-12-20
G2P4-1-40,AUV48463,AUV48535,Hominidae,2016-12-30,2016-12-30
G2P4-1-50,AUV48464,AUV48536,Hominidae,2017-01-10,2017-01-10
G2P4-2,AUV48465,AUV48537,Hominidae,2016-11-20,2016-11-20
G2P4-2-10,AUV48466,AUV48538,Hominidae,2016-11-30,2016-11-30
G2P4-2-20,AUV48467,AUV48539,Hominidae,2016-12-10,2016-12-10
G2P4-2-30,AUV48468,AUV48540,Hominidae,2016-12-20,2016-12-20
G2P4-2-40,AUV48469,AUV48541,Hominidae,2016-12-30,2016-12-30
G2P4-2-50,AUV48470,AUV48542,Hominidae,2017-01-10,2017-01-10
G2P4-3,AUV48471,AUV48543,Hominidae,2017-01-10,2017-01-10
G2P4-3-10,AUV48472,AUV48544,Hominidae,2017-01-10,2017-01-10
G2P4-3-20,AUV48473,AUV48545,Hominidae,2017-01-10,2017-01-10
G2P4-3-30,AUV48474,AUV48546,Hominidae,2017-01-10,2017-01-10
G2P4-3-40,AUV48475,AUV48547,Hominidae,2017-01-10,2017-01-10
G2P4-3-50,AUV48476,AUV48548,Hominidae,2017-01-10,2017-01-10
RVA/Human-wt/PAK/94/2010/G1P6,AUT30225,AUT30241,Hominidae,2010,2010
RVA/Human-wt/PAK/3099/2010/G1P8,AUT30227,AUT30243,Hominidae,2010,2010
RVA/Human-wt/PAK-50/2010/G12P6,AUT30228,AUT30244,Hominidae,2010,2010
RVA/Human-wt/PAK/42/2010/G1P8,AUT30231,AUT30247,Hominidae,2010,2010
RVA/Human-wt/PAK93/2010/G1P6,AUT30232,AUT30248,Hominidae,2010,2010
RVA/Human-wt/THA/CMH-N016-10/2010/G4P[6],ATL24636,AXS77326,Hominidae,2010,2010
RVA/Human-wt/THA/CMH-N014-11/2011/G4P[6],ATL24637,AXS77336,Hominidae,2011,2011
RVA/Human-wt/CHN/km15007/G9P[8],ASL04941,ASL04965,Hominidae,2015-04-21,2015-04-21
RVA/Human-wt/CHN/km15035/G9P[8],ASL04942,ASL04966,Hominidae,2015-11-02,2015-11-02
RVA/Human-wt/CHN/km15066/G9P[8],ASL04943,ASL04967,Hominidae,2015-11-26,2015-11-26
RVA/Human-wt/CHN/km15093/G9P[8],ASL04944,ASL04968,Hominidae,2015-12-07,2015-12-07
RVA/Human-wt/CHN/km15094/G9P[8],ASL04945,ASL04969,Hominidae,2015-12-07,2015-12-07
RVA/Human-wt/CHN/km15095/G9P[8],ASL04946,ASL04970,Hominidae,2015-12-08,2015-12-08
RVA/Human-wt/CHN/km15097/G9P[8],ASL04947,ASL04971,Hominidae,2015-12-09,2015-12-09
RVA/Human-wt/CHN/km15099/G9P[8],ASL04948,ASL04972,Hominidae,2015-12-17,2015-12-17
RVA/Human-wt/CHN/km15100/G9P[8],ASL04949,ASL04973,Hominidae,2015-12-18,2015-12-18
RVA/Human-wt/CHN/km15105/G9P[8],ASL04950,ASL04974,Hominidae,2015-12-23,2015-12-23
RVA/Human-wt/CHN/km15118/G9P[8],ASL04951,ASL04975,Hominidae,2016-01-28,2016-01-28
RVA/Human-wt/CHN/km15119/G9P[8],ASL04952,ASL04976,Hominidae,2016-01-29,2016-01-29
Hu/DOM/2013840364/2013/G4P[6-8_R],APQ41763,APQ41768,Hominidae,2013,2013
RVA/Human-wt/THA/CMHS-070-13/2013/G9P[19],ANQ45183,ANQ45179,Hominidae,2013-01-04,2013-01-04
RVA/Pig-wt/THA/CMP-015-12/2012/G9P[19],ANQ45184,ANQ45180,Suidae,2012-05-16,2012-05-16
Hu-wt/ITA/PA93/12/2012/G12P8,ANJ45259,ANJ45302,Hominidae,2014,2014
Hu-wt/ITA/PA99/12/2012/G12P8,ANJ45260,ANJ45303,Hominidae,2014,2014
Hu-wt/ITA/PA121/12/2012/G12P8,ANJ45261,ANJ45304,Hominidae,2014,2014
Hu-wt/ITA/PA144/12/2012/G12P8,ANJ45262,ANJ45305,Hominidae,2014,2014
Hu-wt/ITA/RG177/13/2013/G12P8,ANJ45263,ANJ45317,Hominidae,2014,2014
Hu-wt/ITA/RG178/13/2013/G12P8,ANJ45264,ANJ45318,Hominidae,2014,2014
Hu-wt/ITA/RG179/13/2013/G12P8,ANJ45265,ANJ45319,Hominidae,2014,2014
Hu-wt/ITA/PA525/14/2014/G12P8,ANJ45267,ANJ45321,Hominidae,2014,2014
Hu-wt/ITA/ME650/14/2014/G12P8,ANJ45268,ANJ45323,Hominidae,2014,2014
Hu-wt/ITA/ME659/14/2014/G12P8,ANJ45269,ANJ45306,Hominidae,2014,2014
Hu-wt/ITA/PA414/12/2012/G12P8,ANJ45270,ANJ45307,Hominidae,2014,2014
Hu-wt/ITA/PA417/14/2014/G12P8,ANJ45271,ANJ45322,Hominidae,2014,2014
Hu-wt/ITA/PA533/12/2012/G12P8,ANJ45272,ANJ45308,Hominidae,2014,2014
Hu-wt/ITA/PA539/12/2012/G12P8,ANJ45273,ANJ45315,Hominidae,2014,2014
Hu-wt/ITA/PA542/12/2012/G12P8,ANJ45274,ANJ45309,Hominidae,2014,2014
Hu-wt/ITA/ME735/12/2012/G12P8,ANJ45275,ANJ45310,Hominidae,2014,2014
Hu-wt/ITA/ME742/12/2012/G12P8,ANJ45276,ANJ45311,Hominidae,2014,2014
Hu-wt/ITA/ME760/12/2012/G12P8,ANJ45277,ANJ45312,Hominidae,2014,2014
Hu-wt/ITA/ME861/12/2012/G12P8,ANJ45278,ANJ45313,Hominidae,2014,2014
Hu-wt/ITA/ME864/12/2012/G12P8,ANJ45279,ANJ45314,Hominidae,2014,2014
PR799/2005,ALQ10868,ALQ10867,Hominidae,2005,2005
PR3602/2005,ALQ10879,ALQ10878,Hominidae,2005,2005
PR1470/2009,ALQ10890,ALQ10889,Hominidae,2009,2009
PR793/2009,ALQ10901,ALQ10900,Hominidae,2009,2009
PR927/2009,ALQ10912,ALQ10911,Hominidae,2009,2009
PR781/2009,ALQ10923,ALQ10922,Hominidae,2009,2009
PR192/2010,ALQ10934,ALQ10933,Hominidae,2010,2010
PR204/2010,ALQ10945,ALQ10944,Hominidae,2010,2010
PR348/2012,ALQ10956,ALQ10955,Hominidae,2012,2012
PR460/2012,ALQ10967,ALQ10966,Hominidae,2012,2012
PR599/2013,ALQ10978,ALQ10977,Hominidae,2013,2013
PR640/2013,ALQ10989,ALQ10988,Hominidae,2013,2013
PR749/2013,ALQ11000,ALQ10999,Hominidae,2013,2013
PR837/2013,ALQ11011,ALQ11010,Hominidae,2013,2013
PR1015/2013,ALQ11022,ALQ11021,Hominidae,2013,2013
RVA/Human-tc/KOR/CAU14-1-262/2014/G3P[9],ALJ03216,ALJ03221,Hominidae,2014,2014
Gottfried,AKE33216,AKE33218,Suidae,1975-06-17,1975-06-17
RVA/Pig-wt/BEL/12R006/2012/G3P[6],AIY56475,AIY56488,Suidae,2012,2012
RJ12419,AIU97780,AIU97794,Hominidae,2006,2006
PE18974,AIU97783,AIU97793,Hominidae,2010,2010
PE15776,AIU97784,AIU97792,Hominidae,2008,2008
ID30378,CDH93505,CDH93510,Hominidae,2009-12-30,2009-12-30
RVA/Human/JPN/S13-45/2013/G3P[4],AIC83487,AIC83489,Hominidae,2013-03-14,2013-03-14
RVA/Human/JPN/S13-30/2013/G3P[4],AIC83498,AIC83500,Hominidae,2013-02-27,2013-02-27
RVA/Human-wt/USA/12US1134/2012/G3P[9],AHI87869,AHI87871,Hominidae,2012-04-16,2012-04-16
RVA/Human-wt/USA/VU10-11-5/2011/G2P[4],AHC95165,AHC95158,Hominidae,2011,2011
RVA/Human-wt/USA/VU10-11-8/2011/G2P[4],AHC95166,AHC95156,Hominidae,2011,2011
RVA/Human-wt/USA/VU10-11-24/2011/G2P[4],AHC95167,AHC95157,Hominidae,2011,2011
RVA/Human-wt/USA/VU10-11-6/2011/G2P[4],AHC95168,AHC95161,Hominidae,2011,2011
RVA/Human-wt/USA/VU10-11-11/2011/G2P[4],AHC95169,AHC95159,Hominidae,2011,2011
RVA/Human-wt/USA/VU10-11-22/2011/G2P[4],AHC95170,AHC95160,Hominidae,2011,2011
RVA/Human-wt/USA/VU10-11-9/2011/G2P[4],AHC95171,AHC95162,Hominidae,2011,2011
RVA/Human-wt/USA/VU10-11-20/2011/G2P[4],AHC95172,AHC95163,Hominidae,2011,2011
RVA/Human-wt/USA/VU10-11-19/2011/G2P[4],AHC95173,AHC95164,Hominidae,2011,2011
RVA/Human-wt/USA/VU10-11-2/2011/G2P[4],AHC95174,AHC95154,Hominidae,2011,2011
RVA/Human-wt/USA/VU10-11-10/2011/G2P[4],AHC95175,AHC95155,Hominidae,2011,2011
RVA/Human-wt/USA/VU10-11-21/2011/G2P[4],AHC95176,AHC95153,Hominidae,2011,2011
LL3354,AGE15433,AGE15432,Hominidae,2000,2000
RVA/Human=wt/CMR/MRC-DPRU1424/2009/G9P[8],AFB81419,AFB81421,Hominidae,2009,2009
RVA/Human=wt/ZWE/MRC-DPRU1723/2009/G9P[8],AFB81430,AFB81432,Hominidae,2009,2009
RVA/Human=wt/ZAF/MRC-DPRU4677/2010/G9P[8],AFB81441,AFB81443,Hominidae,2010,2010
RVA/Human=wt/ZAF/MRC-DPRU9317/1999/G9P[6],AFB81452,AFB81454,Hominidae,1999,1999
RVA/Human=wt/KEN/MRC-DPRU2427/2010/G9P[8],AFB81463,AFB81465,Hominidae,2010,2010
BL-5210,AFU50367,AFU50372,Hominidae,2006-05,2006-05
YK-RVY36,AFU50368,AFU50373,Hominidae,2009-05,2009-05
Hu/RUS/Nov11-N2246/2011/G2P[8],AFP44734,AFP44726,Hominidae,2011-05-04,2011-05
Hu/RUS/O1154/2011/G3P[9],AFO12643,AFP44723,Hominidae,2011-05,2011-05
Hu/RUS/Nov11-N1936/2011/G2P[8],AFH02993,AFX82717,Hominidae,2011-03,2011-05
Hu/CI-81/2011/KOR,AFB35210,AFB35219,Hominidae,2006,2006
NIV-07523,AFA52130,AEX15930,Hominidae,2007,2007
NIV-083375,AFA52131,AEX15986,Hominidae,2008,2008
2009727032,ADK46483,ADK46658,Hominidae,2009,2009
2009727036,ADK46484,ADK46659,Hominidae,2009,2009
2009727098,ADK46485,ADK46660,Hominidae,2009,2009
2009727047,ADK46486,ADK46661,Hominidae,2009,2009
2009727051,ADK46487,ADK46662,Hominidae,2009,2009
2008747307,ADK46488,ADK46663,Hominidae,2008,2008
2008747500,ADK46489,ADK46664,Hominidae,2008,2008
2008747369,ADK46490,ADK46665,Hominidae,2008,2008
2008747337,ADK46491,ADK46666,Hominidae,2008,2008
2008747336,ADK46492,ADK46667,Hominidae,2008,2008
2008747332,ADK46493,ADK46668,Hominidae,2008,2008
2008747329,ADK46494,ADK46669,Hominidae,2008,2008
2008747112,ADK46495,ADK46670,Hominidae,2008,2008
2009726997,ADK46496,ADK46671,Hominidae,2009,2009
2008747322,ADK46497,ADK46672,Hominidae,2008,2008
2007719825,ADK46498,ADK46673,Hominidae,2007,2007
2007719739,ADK46499,ADK46674,Hominidae,2007,2007
2007719698,ADK46500,ADK46675,Hominidae,2007,2007
2008747106,ADK46501,ADK46676,Hominidae,2008,2008
2008747100,ADK46502,ADK46677,Hominidae,2008,2008
2007744510,ADK46503,ADK46678,Hominidae,2007,2007
2007744509,ADK46504,ADK46679,Hominidae,2007,2007
2007744270,ADK46505,ADK46680,Hominidae,2007,2007
2007719945,ADK46506,ADK46681,Hominidae,2007,2007
2007719907,ADK46507,ADK46682,Hominidae,2007,2007
DC1208,ADK46508,ADK46683,Hominidae,1980,1980
DC1359,ADK46509,ADK46684,Hominidae,1980,1980
DC2241,ADK46510,ADK46685,Hominidae,1977,1977
DC4320,ADK46511,ADK46686,Hominidae,1988,1988
DC4608,ADK46512,ADK46687,Hominidae,1980,1980
DC4613,ADK46513,ADK46688,Hominidae,1980,1980
DC4996,ADK46514,ADK46689,Hominidae,1977,1977
DC5064,ADK46515,ADK46690,Hominidae,1977,1977
DC5115,ADK46516,ADK46691,Hominidae,1977,1977
DC827,ADK46517,ADK46692,Hominidae,1978,1978
2009727093,ADI80502,ADI80507,Hominidae,2009,2009
Omsk08-442,ADB81097,ADC97061,Hominidae,2008-02,2008-02
DC140,ACZ51533,ACZ51538,Hominidae,1975,1975
DC168,ACZ51545,ACZ51550,Hominidae,1976,1976
DC792,ACZ51557,ACZ51562,Hominidae,1980,1980
DC1600,ACZ51569,ACZ51574,Hominidae,1980,1980
DC5710,ACZ51581,ACZ51586,Hominidae,1991,1991
DC5751,ACZ51593,ACZ51598,Hominidae,1991,1991
DC2069,ACZ51605,ACZ51610,Hominidae,1976,1976
DC2081,ACZ51617,ACZ51622,Hominidae,1976,1976
DC2102,ACZ51629,ACZ51634,Hominidae,1976,1976
DC2106,ACZ51641,ACZ51646,Hominidae,1976,1976
DC2212,ACZ51653,ACZ51658,Hominidae,1976,1976
DC2239,ACZ51665,ACZ51670,Hominidae,1976,1976
DC2262,ACZ51677,ACZ51682,Hominidae,1976,1976
DC2266,ACZ51689,ACZ51694,Hominidae,1976,1976
CH5455,ACZ51701,ACZ51706,Hominidae,1991,1991
CH5470,ACZ51713,ACZ51718,Hominidae,1991,1991
CH5483,ACZ51725,ACZ51730,Hominidae,1991,1991
CH5498,ACZ51737,ACZ51742,Hominidae,1991,1991
DC5553,ACZ51749,ACZ51754,Hominidae,1991,1991
DC1285,ACZ51761,ACZ51766,Hominidae,1980,1980
DC1563,ACZ51773,ACZ51778,Hominidae,1974,1974
DC1455,ACZ51785,ACZ51790,Hominidae,1975,1975
DC5142,ACZ51797,ACZ51802,Hominidae,1975,1975
DC23,ACZ51809,ACZ51814,Hominidae,1976,1976
DC139,ACZ51821,ACZ51826,Hominidae,1976,1976
DC129,ACZ51833,ACZ51838,Hominidae,1976,1976
DC130,ACZ51845,ACZ51850,Hominidae,1976,1976
DC131,ACZ51857,ACZ51862,Hominidae,1976,1976
DC133,ACZ51869,ACZ51874,Hominidae,1976,1976
DC1494,ACZ51881,ACZ51886,Hominidae,1976,1976
DC1496,ACZ51893,ACZ51898,Hominidae,1976,1976
DC1898,ACZ51905,ACZ51910,Hominidae,1976,1976
DC135,ACZ51916,ACZ51921,Hominidae,1979,1979
DC1730,ACZ51928,ACZ51933,Hominidae,1979,1979
DC5728,ACZ51940,ACZ51945,Hominidae,1991,1991
DC1497,ACZ51952,ACZ51957,Hominidae,1976,1976
DC1505,ACZ51964,ACZ51969,Hominidae,1976,1976
DC4772,ACZ51976,ACZ51981,Hominidae,1976,1976
DC2109,ACZ51988,ACZ51993,Hominidae,1976,1976
DC2114,ACZ52000,ACZ52005,Hominidae,1976,1976
DC2119,ACZ52012,ACZ52017,Hominidae,1976,1976
DC2171,ACZ52024,ACZ52029,Hominidae,1976,1976
DC2238,ACZ52036,ACZ52041,Hominidae,1976,1976
CH5446,ACZ52048,ACZ52053,Hominidae,1991,1991
CH5459,ACZ52060,ACZ52065,Hominidae,1991,1991
CH5475,ACZ52072,ACZ52077,Hominidae,1991,1991
CH5477,ACZ52084,ACZ52089,Hominidae,1991,1991
CH5484,ACZ52096,ACZ52101,Hominidae,1991,1991
CH5488,ACZ52108,ACZ52113,Hominidae,1991,1991
DC5491,ACZ52120,ACZ52125,Hominidae,1991,1991
DC5544,ACZ52132,ACZ52137,Hominidae,1991,1991
DC5549,ACZ52144,ACZ52149,Hominidae,1991,1991
Nov07-K6,ACV83847,ACV83810,Hominidae,2007-02,2007-02
Nov09-B23,ACV83289,ACV83811,Hominidae,2009-03-25,2009-03
3000640724,WDU50617,WDU50616,Hominidae,2015,2015
RVA/Swine/Chile/Rota_1a/2017,WML72369,WML72377,Suidae,2017-07,2017-07
RVA/Swine/Chile/Rota_2a/2017,WML72370,WML72378,Suidae,2017-07,2017-07
17-1,WCF05425,WCF05434,Suidae,2017-04-18,2017-04-18
17-2,WCF05426,WCF05435,Suidae,2017-06-09,2017-06-09
17-3,WCF05427,WCF05436,Suidae,2017-07-13,2017-07-13
18-1,WCF05428,WCF05437,Suidae,2018-05-10,2018-05-10
18-2,WCF05429,WCF05438,Suidae,2018-05-17,2018-05-17
3000015004,UZB56814,UZB56813,Hominidae,2014-04-05,2014-04-05
ERV2-RVA-India-Tohana,UFK32638,UFK32650,Equidae,2015-06-29,2015-06-29
ERV3-RVA-India-Hisar,UFK32639,UFK32651,Equidae,2003-06-13,2003-06-13
ERV4-RVA-India-Hisar,UFK32640,UFK32652,Equidae,2017-05-29,2017-05-29
ERV6-RVA-India-Hisar,UFK32641,UFK32653,Equidae,2017-04-18,2017-04-18
MN41364-2018-G37P-52,UTM72641,UTM72646,Bovidae,2018-09,2018-09
3000591411,QHX59732,QHX59575,Hominidae,2016,2016
RVA/Pig-tc/USA/1975/OSU/G5P7/virulent,QPK41253,QPK41268,Suidae,1975,1975
RVA/Calf-wt/MAR/S18/2012/G6P[14],QHU80087,QHU80091,Bovidae,2012,2012
RVA/Yak-tc/CHN/QH-1/2015/G6P[1],QFS19888,QFS19894,Bovidae,2015-05-28,2015-05-28
RVA/Pig-wt/USA/MN9.65a/2008,AYA93304,AYA93311,Suidae,2008-01-02,2008-01-02
RVA/Pig-wt/USA/OK.5.68b/2008,AYA93332,AYA93340,Suidae,2008-01-02,2008-01-02
RVA/Pig/China/SC11/2017/G9P[23],QBQ58261,QBQ58263,Suidae,2017,2017
RVA/Human-tc/MAR/ma31/2011/G8P[14],AXS77076,AXS77078,Hominidae,2011,2011
12034,ATL64748,ATL64755,Hominidae,2012-10-15,2012-10-15
12059,ATL64749,ATL64756,Hominidae,2012-10-15,2012-10-15
Hu/HON/2011825363/2011/G10P[14],APQ41774,APQ41779,Hominidae,2011,2011
OSU,AKE33237,AKE33228,Suidae,1975-04-11,1975-04-12
OSU,AKE33237,AKE33239,Suidae,1975-04-11,1975-04-11
PR457/2009,AKA60621,AKA60620,Hominidae,2009,2009
PR1300/2004,AKA60632,AKA60631,Hominidae,2004,2004
PR1973/2009,AKA60643,AKA60642,Hominidae,2009,2009
RVA/Pig-tc/BEL/RV277/1977/G1P[7],AIY56478,AIY56492,Suidae,1977,1977
RVA/Human-wt/BRB/2012821133/2012/G4P[14],AHX83782,AHX83784,Hominidae,2012,2012
bovine-tc/USA/NCDV/1971/G6P[1],AFC40967,AFC40972,Bovidae,1971,1971
bovine-tc/South Africa/'O' Agent/1965/G8P[1],AFC40978,AFC40983,Bovidae,1965,1965
bovine-tc/USA/UK/1984/G6P[5],AFC40989,AFC40994,Bovidae,1984,1984
bovine-tc/USA/UK WT BRV4A/1986/G6P[5],AFC41000,AFC41005,Bovidae,1986,1986
HQ09,AFA41728,ADM63679,Bovidae,2009-10-01,2009-10
RVA/Horse-wt/ZAF/EqRV-SA1/2006/G14P[12],AEX49916,AEX49920,Equidae,2006-07-27,2006-07-27
pig/China/NMTL/2008/G9P[23],AEO79882,AEO79884,Suidae,2008,2008
PA260/97,AEH95539,AEH95541,Hominidae,1997,1997
WAG8.1,ACV96849,ACV96844,Hominidae,2002,2002
Ecu534,ACF16966,ACF16968,Hominidae,2006-07,2006-07
RVA/Porcine-wt/ZAF/UFS-BOC001/2018/G5P13,WZL09409,WZL09394,Suidae,2018,2018
RVA/Porcine-wt/ZAF/UFS-BOC009/2018/G5P6P13,WZL09411,WZL09395,Suidae,2018,2018
RVA/pig-wt/CHE/S18-1097/2018/G5G3P[6]P[7]P[13]P[32],URW63829,URW63833,Suidae,2018,2018
RVA/pig-wt/CHE/S18-1097/2018/G5G3P[6]P[7]P[13]P[32],URW63829,URW63834,Suidae,2018,2018
RVA/pig-wt/CHE/S18-1093/2018/G5G9G11P[6]P[7]P[13],URW63871,URW63876,Suidae,2018,2018
RVA/pig-wt/CHE/S18-1093/2018/G5G9G11P[6]P[7]P[13],URW63871,URW63875,Suidae,2018,2018
RVA/pig-wt/CHE/S18-1093/2018/G5G9G11P[6]P[7]P[13],URW63871,URW63877,Suidae,2018,2018
RVA/Pig/China/LNCY/2016/G3P[13],ATY52011,ATY52013,Suidae,2016,2016
